0x00000000000017C75025D397B91D284bbE8fc7f2,0,true
0x0000000000007F150Bd6f54c40A34d7C3d5e9f56,0,true
0x0000000094AcB89A43EAC2FBB3A07973Efc2435c,0,true
0x00041Dd713B87D272Be2053946A7Af63eF270980,0,false
0x002bbea9c71684cc6999D114254D2aA9378B8A60,0,false
0x00369B46cd0c232Ff5dc1d376248c4954CE645Ee,50031847808177031545434,false
0x004098bb5b1d5285e4347BFebFe65B36d20fc697,5011174949263366470751,false
0x005906CcC91AB5975939FF6525f413Bac7de3D08,1008222912088142336,false
0x006a058e4EB72d62e928195AEA27755099E22C4E,0,false
0x006C054Ac2d614674c9E5905E2931af0f1fD61D6,0,false
0x007dD6113ef5A0DE9fE4eBba41143d242507F123,10562868207656739502,false
0x00970bA0bf106e9e127Ec9e13741e03E990169b6,0,false
0x00cb25a1B52Ae70117895DaF8b9935f93942F947,25506621010274057219,false
0x01ff0201c88E4634f8B533dDEec9902df6692345,0,false
0x02269a002Cf158f1eC9FDa7d4083BFc6Eb15D7C7,24863266819726096465,false
0x0291eb432CB4a2613a7415018933E3Db45Bcd769,1,false
0x02BB5C6270CeA26c98b45c0bF44D7A6501fCc040,0,false
0x02e05dbBF4df5d17cb3A0140F9643fE68cc4Ae39,0,false
0x030740C1fb8F4841Ac647E346F299F8DC2c58306,0,false
0x0324144FddeD2D82A5149E482E7Ca17abf96cd42,1,false
0x0335B72579ecde83e82817E58c59D6d3CfE83B12,0,false
0x03446bB350421D70bD5BeC5995f447dea1922FF9,0,false
0x0366a8539B1cb971CcbD16D6f13b78F5676Ee259,675457993724183292615,false
0x0384EA30c95a4d420b92e78AA5bE0344C20cF409,102156935166150517664,false
0x03f93793E6f54a78d3839fEBd2C80E2AC48f56F7,12710027159425319954151,false
0x048528CaDF06c5738b5648C711E8bc6872dAADdD,0,false
0x04A46a5901C13Dfd53799130E7535542d4700c87,1005808388827539850472,false
0x04DB565233BBbC36B8D555d1784514dF98840d85,573833906007969460729,false
0x050BE54931FdCD6fCAe1231965356D9279923C0d,199940783884971716705,false
0x050F788d09395724777a67Dd08bE127cF70dd238,0,false
0x052Fc1D7121066A22C03f9332aFca1653E0942e3,0,false
0x054Fd996DE7a969e992e84AF61719092B52084ae,0,false
0x0594b57b092e02f391e763fDdD2255C43aF86b9A,438293091683546,false
0x059864684F53275bc2d3c1DB47A93aD0C0A84C24,0,false
0x05FF7cC8B490B38898744037f951F3247673C2ed,15898739853160047772,false
0x06296263067bD6B720049cb2386fe82A13D4D99e,0,false
0x06530a831c90d2615f613617fc045cd845244682,0,false
0x067532AC33698C47FcA747d8158D49F35BD129ae,1008222912088142336,false
0x068a01a3443DF8230D423af83110d278D8dC9018,40059255481571924562632,false
0x068f4E7418D7Dce3CFAC1E01A25e0fa6D6EF870F,0,false
0x06a9E45FD0E05C9E0225e521c589BA9B7f127dF4,1,false
0x06ab719a55FEE6E6159388Dcdacd21CFBDAfcA79,1,false
0x06DbCb7b2962838CFEbE1D02BF6C3f4352d074ad,42952048942412962118,false
0x075A6AF774C9Ef7315879231730916ceD13e84f8,0,false
0x077E9b6E1361bc3CD77DA578326d2B194A9E6402,0,false
0x078a930a8F0D40D3825309D507dA0D6D88D31f43,0,false
0x07a59461F6d849CFB1f7E27288501a4c7370E006,0,false
0x07De5B6383F183eba2AF36B3C090bF844b170E98,0,false
0x0852aC183DDb2D07ECba37D7f6b32c61CF627BeB,0,false
0x086d3a006641feaaF212915567CD7Fd8556DFb2F,12919109485091790870,false
0x08b224625c88231033218fc9E648c5d4AF02eBB2,13884548617878331963,false
0x08B9a0BAe99B2356E2cb0e40E57f6941dc8B2005,0,false
0x08cfCCC00B7b9b0EC2EE129934Da1EDc029262d8,13822007472724838458,false
0x08f4e1df7D596a6DdD6Ba799a68d56991a8a771C,1008222912088142336,false
0x090DF100B44b48E50E8E832b7D4696143003889A,0,false
0x094260117a5A07acd8CF3E1AF91e4187AE5Eb6fD,1,false
0x095ACf6CABB2dBCCED2072c7481CCb99E293Ba1A,1,false
0x09a6b7b62B16232C03c2a4E4aEE21cAE234547C7,0,false
0x09aac303Cf1447184d7B0bB4C1d57Ba0B799DE09,252282041991648599540,false
0x09B64e3d589AE90ACCE69C75C346722D8EbFB65D,0,false
0x09e281a7846401c1E1c755D55cFF1Dbf3B522AEF,3003008397483551132,false
0x0A117677Be4B8D258D9BCB9F86Cb9600e658952B,50934412331043364135,false
0x0A7DF1DFB7907D7017f82b21F6478343b7E8a0cE,0,false
0x0AA2399D26E78442d45C7BaEa334E0D5C04b5023,0,false
0x0AE7ce8d44664A8654D4a4ec621d4711499AA98D,0,false
0x0b033d279900c5aE98F4F3119bb167c6D1155cA5,0,false
0x0B11FB8E5072A0C48cf90cDbcFc117776a73605D,0,false
0x0B2e16e04Dd0817f30854dbB36643D6BfAc4Fd27,0,false
0x0b5A3054E7d7c25c23eE8B7fD7CbA3d2660Bc6A0,828334252388245209529,false
0x0B7831E4c2B33eb9390d188B7b1aB53C33cf6ece,24930272378561856903,false
0x0bB2C6478677aCbAd673e1D55FD26B0C06Ae2e18,1024768584035693014,false
0x0bC1Fb738c5EA282af13e1656e2c5AF63FfFFc5C,5483666054500344533,false
0x0bE7aed4B4270124B756791fEf29C8Ac7aF1eBA5,41249007601818737836,false
0x0BeDeeDD2922CDd7b85F2db5504bbd137116AAbE,303829659841742962087,false
0x0c0057aF75d6fCb35566621E8639ba06755c4c29,0,false
0x0C0A51D9Ce6eD561264278d8E3F288CDe037b73D,36215930201601010608,false
0x0C212fd7626b3E7C6737843ea4aF17ba8E612C54,0,false
0x0c4B47d7eB199e6ED3BF0af6FE2Ab33dF7FaEEEb,100163763586658439764,false
0x0cA80Fea8cdCFcdFcea14BF4A1e42663A2abEcE3,1,false
0x0CAf3190711CE5e5dEa96827f2582fA52E2E839e,0,false
0x0CC9E059BFf58a6bBe4b34c81e7f3416Af91091a,0,false
0x0Ce32bC72527ECc8509451c6faBAb7Bfb325dCa1,0,false
0x0D0542840f0a831aB16CC71932001617d6D88588,0,false
0x0D2a6C6f7B1702898F2c43c04Ea0c77B1f54a9B9,1008222912088142336,false
0x0D4Bda88DB1eb8Fd9cacd1673946714AbeD11133,50316924215153101687,false
0x0d502e27aaD03eF7d47735CA2d545a4d2Bbf9afA,141663733650393593624,false
0x0d6201DC16235785Fd8505C88F531D2AB18807c1,0,false
0x0D9c2C070DBFBEE6d1679FFF641166Ad9C9c86fa,9273602064426346296,false
0x0Db84836C55E1AFE68699383b431003f0381F7c8,0,false
0x0Dd566E1574d6dea90c8EAd7701EF387f4F75896,217870325369919195865,false
0x0e1b29327E0f2f4e6Ade17ac42509E5829aB56F3,0,false
0x0e2Dc81122000F2b871aF589297Ce4cCA6761112,0,false
0x0e3284c5f7687a12015d7FB9B98d8cF3C0859643,6002978405825861623618,false
0x0E4CA9A79DFacFC42C9212AE13BB41970818c957,10178206379389505793,false
0x0e6ef7B4606f0BE74b8F2C2bfB547E32207AB3e3,1008222912088142336,false
0x0E861F1D1A0D4fdC90FE18CAcae65bB750105dBc,8604075779089504126421,false
0x0ea26051F7657d59418da186137141CeA90D0652,1009911851695131301962,false
0x0eCddcF41754360AB129d7Ca4c8ABf220F9c32BD,175060582447704175897,false
0x0ef119683dA8456BbFbcE84aB6811681E2E3886C,61430288878221696941,false
0x0eFb068354c10c070ddD64a0E8EaF8f054DF7E26,0,true
0x0F585E105D5F1608ba2F76A8EbebAaA2E15D2EB7,1008222912088142336,false
0x0f5b2479d1ac2E1B051874b3004A8509C0A97D67,0,false
0x0f9fF5028ef1Aa963C965632F0Bc113A140e63d2,0,false
0x0fE157C79D60fc4D2CA3ea8bfDd569fDcFedc3eD,5015778125571973174108,false
0x10351065098B22B5951A9D24d444C20CE7Bb0F2a,2395716644193079554,false
0x10395903bfBf4EF877E43f8E6A56591D9Cd1a201,1,false
0x10716aaFfD2097228C78Fb8a7d844Eabc85497F5,578920156727787901846,false
0x107cd74419DfC9FF01975e652597c5a4b6706460,0,false
0x10995ec8BC889976D29629903b495bEeba22862D,0,false
0x109A94a840099d4deD9Fd00e8e8934430143a36D,0,true
0x10B0a72eA6110A4b985E21F62c4e30D09CcEc89c,1068113602871817256481,false
0x10c4346219FD6c5B900f42fF6108DA263cc9d0BD,0,false
0x10E5fDFc4f07b9747A99AA2aA0E154011c84A9c2,133036277220939685784,false
0x11111254369792b2Ca5d084aB5eEA397cA8fa48B,0,true
0x11212B1CA82B524F1055839C6Db4481df642CED0,1008222912088142336,false
0x1140E000BC127c1799040D8B61AfD822083274A3,0,false
0x11482bA6590607A6C14F1b08989829ECDb92C196,30361357054453213895,false
0x11536843bF3C0fE97CF121787D67C996FBd3f26f,1008222912088142336,false
0x1164236009849Feec5F941f6F652ee6928Bdc7bb,0,false
0x1181723F8D5978e2E4Bb7DcE98104276c90AbAB4,0,false
0x1199a132C99F0f336C1C4DBbec06f275afD85680,261182317524692786112,false
0x11b2642E17Bf70C834CaA29a97D2030303d07069,0,false
0x11DD57D188A9bB4B2ab215e46fD17B9f9c883c42,0,false
0x11dEeC5102ccbEFE460A0b328f145cE65920a0A2,10335634670180205390,false
0x11eDedebF63bef0ea2d2D071bdF88F71543ec6fB,10836628903845745983,false
0x128E00ff66D8BFB92923C5b8223f2db974220d69,0,false
0x12c2c0c75b387dcE9Ce8a506B8a8B2341078a75C,1008222912088142336,false
0x12d90A26a7c793988EB6ad6F074976E70D0fCdC1,337612174169898638716,false
0x13483C88a35C27e0a893b7196ead0903D08a84A2,0,false
0x1357A18D135883E676A2C9Da712bb5A87B9C78e7,33091658914662156809243,false
0x138680387b77703924a347076DD55C1D8922F260,1008222912088142336,false
0x138C7641D683De5B75117c68b6edAc76bA191Bd0,0,false
0x13b37d51FD7430a356f033D61ACFC7d1b11F9de3,0,false
0x13c5d201925B15A6c7c47E0c40700bBC26adb45d,267432536910755944233235,false
0x13fa6995Adc2Af5718716c4539012cB7535A41eD,121473423267744682598,false
0x145D8BB322FF71eF8ecefc35F584993DF071bc92,200455167013504782278,false
0x14B802407E24fEfFc77B75eaa45c1213e5C0E0D9,1382312544351909,false
0x152A054d837FE41e84836F0E200548B267CcbFa7,1360000981691665293991,false
0x15311Fe81b264d962406e993Ea9d28AAc980f38C,1751157848549841605,false
0x160e5B66f58924736B0a264f25ffd01e6732C39f,0,false
0x1624e31a51512BAa9D78bA09790577a55b46e88A,0,false
0x162ffa327907eceC0B8d096578d207A31C58E2f9,1008222912088142336,false
0x163aDAe74ab805BFf4000bDcD64a89C621c925f3,0,false
0x16604e9C17c42077c7Db4402E287aCC34aa8d228,1020264840410962288,false
0x170CE88506eE01d6AEbB6EE267C550df7A6d4320,0,false
0x1723C4892aCEbbfBe6D41376e9B6C3F98D10453D,1000260460803754888710766,false
0x178984931adD527C10e6b6a2b1E3DF550799b001,0,false
0x179bAdd9788a425A7164331f38dB50947BA08379,0,false
0x17bB3005CcD17490E032c8430eFd6b3d5E97b9DF,13908366374988181345,false
0x17D51c1AdF4de7b637654231E0271bAF34D3FC17,51456370077756866251,false
0x180496afe6b2545aB0e4B6ae29E9245015dc6d93,0,false
0x182372e23b882598f7611C29D7d4e0a47D7DB2a8,0,false
0x183371BF98622b3Ff2556De41361175a00FA127D,0,false
0x183B6267cb9F985A8AA7Fc912672A21d644a4102,190217348988294759274,false
0x187F4db433475240a524a75cAe57b4a6fc36DCC4,50884368159135578649533,false
0x188b36DC129B523D900120C78fB8f5c28D892c21,0,false
0x189737ca438f6aB41bCE34914A4D4DaCa2DDad05,0,false
0x18b3eeDadC9A4a6d35905D4A416DfFF239F067d5,342482527240956461179,false
0x18c45b4e3FB7627f34edc15CD910944d681128f9,1008222912088142336,false
0x18f8020F3Bca2C20525eBBbadE8F6446B5654D6b,608476993502046894441,false
0x18fCf0934e053AC5f4B0a75621Dbd0BcAC8c38Fd,0,false
0x19246d4cB92671D0F2166D00C9de687Ead3206F8,0,false
0x1925e832C22522E0d9947eE4677120b2f28E4cD4,0,false
0x195428B57b2a210f3A7495C6CDe7Ee4177D66696,0,false
0x198d03Db13A0b2b3e28F59857AEC54Bf4C96DFF8,2502313948801380712175,false
0x199Bd0AfeA9b67A7Aec89f349a1E219A10634124,1008222912088142336,false
0x19EF4d5ce09D67012Aa112869f88c0D1F1c31A9c,0,false
0x19f18Ecd93cA130A24035EdE88159F83B6576CC8,532071655995133300,false
0x19Ff4d0AB81f0D689b62B18eE2367a503eb8ebAD,1008222912088142336,false
0x1a8DA0a48a6E5655FabD682605453AA5CdDa44B1,0,false
0x1aCB1975200df1fc6ffCACA51EA63909005CDf99,0,false
0x1b4FD1fD2EE9fbC64BB42D261671baA1d17FE62F,2473475771886979498631,false
0x1B5Bd387e3245241aC0d7696E61845e9A75cc76C,0,false
0x1b65Eb05a5d3518c6d787f34fdfB5e3af10aD92C,30079819334963752552,false
0x1b798a9Ba3D553417b9009D879e6d78A2ceE1279,0,false
0x1bB46f6515da9c63eD67465cB0bF2F24598A4387,0,false
0x1c11eCBbA07f6f122feF22caec28DAEE5ed1C908,2052226888095961456234,false
0x1C17F91CD133906dc8cb2229cC41F068e33faF4c,0,false
0x1c47Fb66197F84ce3d92B1EBab9DFBAa656E8150,9759664569082402437390,false
0x1C74e6E85bf53f1B6c56465e1a5F7bF56c3EBcB7,0,false
0x1Ce982c9b6597911859300814340b918d466b79f,0,false
0x1d24aD591f5DcF045c4742f7ce45CC562d50e7Cf,0,false
0x1D31c8f895f63A2f30cf0229c87A1bf08D6a6163,0,false
0x1d5BEdf6B017a282eb7446e86e7C2584E89Ef466,0,false
0x1d807F8779B6312e8c47dCDF44CB500035c934f1,0,false
0x1D89d4A14cEcc19E03Dfda7846ecdDEf8e41b7e5,0,false
0x1Da9eB33F7EC20523BBAf2CEcF5F2BE001315A07,0,false
0x1db5CC0de832d282Bd6347983f547e95fdFb918E,0,false
0x1dBd50789454E3D5Be40E04e5cDf31f6A043bE10,1008222912088142336,false
0x1Dc780AD7197018c0cF0E19e8C5428d6f2CFCd21,0,false
0x1E017d65d30BD3fAE1Cee47f32b83227B378fD41,38742325846303151587474,false
0x1E27C17432ABfF8E314b421BE50c63a42d3e95E0,1,false
0x1E2caF791c80513bc0c366d4341F9b02Eb8Df0e0,0,false
0x1e4175834e638781C5039b00128Ca5Fa4df97417,0,false
0x1E460AA9317c4de2F7373b244cBc43272b28c330,0,false
0x1e63533Ac76750BE29Be862c351119bDb52395B1,1008222912088142336,false
0x1E7ae31ddacb515FB8C2fe5e21634384C6c8380d,0,false
0x1ea2Fc8dFAbef5c01cf443107D755e0e0ABf6C04,1,false
0x1EaA5B344452d146527a9d8a11F86B119770c8E3,1008178121643629133,false
0x1F1dDd6734b8C077b87870FE86b2B732839340b2,0,false
0x1f65c21B735efd5a38720F5f0E11d65c1e704ce4,0,false
0x1FABb8cf927dF47e3707Cfe4Ab847112e08e9057,0,false
0x1Fb8c135D4F963879a75E670d9A1Fa9d3e73c355,97057316494710219736,false
0x1fcace3ca84c1FfF09a71E884626AC9391E08FFc,0,false
0x20277B336722Dd5f6e67b13d16E0A1ad39Da519A,0,false
0x2056E0522c5A4e860FA2Ce76E123928f17EF1FB8,0,false
0x2076aFC1f37b5bc24CeB2271612a92a813c80e98,0,false
0x20b958BBeB833f79Bd7E4B4165D4123B2F904cC8,7447480871228863024,false
0x20d01749CCF2b689b758E07c597D9bB35370c378,25172878004649690558637,true
0x20Fb55dc4b89E1FE60D89bD782805782f5CF51FF,0,false
0x2107dC09Fd3C7127749C1A47C84E4A33D6e72F1A,3493332161142495062252,false
0x2146Be33b7E4E81B696676D4Da7d7C848eE69d56,2,false
0x214a64A9532C6cda06903b77a58049E5d0224968,415268792716866846628,false
0x215B369A532dC84654C244449cb119986CEaf603,0,false
0x21699F05cd7FAf2165512703af577afaDDA0458f,100275516640881893147744,false
0x218486AF9FF61410E49Fbf9792c1EdAD8f5145E9,1,false
0x21997546DC43747C3D48C586E482E8f6f2945Bf9,0,false
0x21e8F9ABa27E8Ab7315755b9E82845064FC1f364,0,false
0x21fcEee5FEc20BEC769A8ea5B802bE5ED7AA467D,98348752319183024846,false
0x22070f3A7cEe9b8DE24Ca59F4C5009AA4acDa02A,0,false
0x2233F1eF5E56da1f86bf1922441fD807154C7F04,1008222912088142336,false
0x226a2bc4F5DB04eDB05D6598D28c52F821d0Cffe,1008222912088142336,false
0x226b88B9cA0F069A16aDfdAC31Ab8243b1EF911c,2318653649438081256822,false
0x226f48E4e5Bf892125dd268991E0C6AE882881F6,0,false
0x22cA0cE4Eae2C9A5Fd643781273A46ad09A8A9B7,93931774882794992634,false
0x22ee350346F93B9191af9a70cfFA8c5746BdfD14,2152026946532754421,false
0x22F9dCF4647084d6C31b2765F6910cd85C178C18,1,true
0x2313dcBe768a22c38301D87FAdcaBAC6d572dB53,0,false
0x2315418c9c091Cde80D9017780829075b151bfc1,30872590936525475136,false
0x232c412D3613D5915fc1eBF6eb8D14f11b6a260D,0,false
0x23310E9504FDB07573064FB1B64708e59d7EC8C2,1008222912088142336,false
0x236Ff34518dBa76612BB571A7bAA6201D02Ea985,1320615396080926992769,false
0x2385E3190b4A5BC63c4a90dD0154504EE2E1DbF1,0,false
0x2389B162E4D22ad91B8820da0652f6CF115F33D5,0,false
0x238c444b4c4A7aAc6a8738AeC464D429B119f82c,0,false
0x23946092B19E836888B3035AC8429f8Cd1c8eB33,2312380577791842616,false
0x239b68aE8fbC5c143Ea272e65E820Cc19046c7AD,1008222912088142336,false
0x239EeC9EC218f71cEf5CC14D88b142ed4fF44110,69703495724436420361100,false
0x23B5B0F389201E6078687d498b94c2F83d71F7de,2048005912659079854251,false
0x2414d74D9ECC79A90D53c9695E27108615F0448c,0,false
0x243e99b6efbD0c21Bf134361CC35C58848C80200,0,false
0x2453Efc26de8a8Ec26Aa7Cf5727F32e9bf17FEE3,400232709168245686722,false
0x24c17278f49d4d728217143fC357f7a628ca2094,1008222912088142336,false
0x24E96c09c992cB17B7736A7d65349a3c169f090E,0,false
0x250339f4c0394866F8cB967dD0Aa8D7a87A7A47C,0,false
0x25659eEfd7caE21566a257420bBcB0C8317Ef94f,0,false
0x257A6F7b2491Dd9d4a6D59ab8d3FE7189f91a927,1008222912088142336,false
0x25AeB15F24C179B2931D330f87b721266c78b752,1008222912088142336,false
0x25BCb7a7BF9e62DA22ac90dd87a9000817DE20BC,0,false
0x2649Bd829e37463B27135D6B11ba75fe0fb24108,1,false
0x266543296dB055CF519F215a9E1B8594AF4fa887,0,false
0x2694DCBb1357c8B9dC46029B9Fa32d9eD01198d1,0,false
0x26aFcDA804806405D4aAa2bc7712bef4F5248873,0,false
0x26fDA37d00Fc10da4B22638f97B31fD7b0873F1a,0,false
0x26fFFa0672085572dd4E7433e04967AD53442368,1008222912088142336,false
0x2707591af7bCAeAB165ee80C70D4cb01d50A17B1,50012663486793724655,false
0x271cf1541cab957def01Be751220A3c233C8Cf3d,1272072038923194098922,true
0x278335190b79429081b09Fc57C6Bc29e73A741dA,1168011085214207125751,false
0x27AaC65FB5b4AdadFA08e4d67E142bcC018aadcc,1281466191288139441,false
0x27Ba8300bF19145670A9F59A37C8346a5edd4cCc,0,false
0x27bc2Af1669ee1F1e7c956BEcdcE8cB4bAB2d022,1008178121643629133,false
0x27cCaf1097C92B785Fc0536F55729bCD647605f5,706733749677056467897,false
0x27d6b2536E5583bf61c6460969d2f51732F9BbB9,1001191164903523492769,false
0x27F5306C2Ed4f1b2287D7AB8cE7b69cFA430a298,0,false
0x281839ab6F0Fe4121BCD83a6641b00222813bC8D,1008222912088142336,false
0x28357Ed317505eb2EeC7181e5A7c9778EB060cC5,76794737508390965273,false
0x2853a2EdFE3883A20aB44F54A902f98f087B48B4,771509172784346187876,false
0x285E4f019a531e20f673B634D31922d408970798,1,false
0x288DeF8225b9E150dc8789e5291CfC5c7E35Eb35,1903230813174583465,false
0x28C1497C044f8acc5Fb986ED0c4c669A09dB2d24,8126813398258367390,false
0x28D57336997B235F7544ed05dAd27B606ba3C983,1515048571166264874484,false
0x28EA9447a92582262C64164A17Eb77924AdD58ee,43848999999999999999,false
0x29506e0DF7bf1307Db041d44a2874032F9755f76,0,false
0x297289405fAF325d416658E93D93d0ade229528C,1266568711484780173752,false
0x29835eB74d743a40118B8D2ACB1564568F80BB18,9805087566793259988383,false
0x29ba4353Eb38Ce6864c339e07070051C3A3757b2,1008178121643629133,false
0x29c988EF6A62c8e11F044915d73578F190684Eb6,446315036941972194082,false
0x2A0009E9a19bCfe2182d722c00AC760A77D0e51a,7032343670116171671668,false
0x2a08fEcB8AC932cb7d3f6A3A0e434a4B9968DD56,507710074829682804001,false
0x2A729323449C8f0fBb56d46c9D1b522e38e0b08E,1008222912088142336,false
0x2aA4e141b03cfEE864dd12860541DD1eF0C3a3EF,0,false
0x2Abe4A17664b2C7bCB6C41365471D315a308650D,493729146355375373175,false
0x2bD2a57a9804F7314784658DB8ef69766d90B321,0,false
0x2BD2ACd6750Da68027f557770E6DFEA744b3ABEA,31521898141023500112250,false
0x2c80E16E5fc32790D26C47E34Ff8FEc0A6e9987e,436144188269514713602,false
0x2CBAE16f9237757BC18C89F04E80ba9ba36d2dfD,4087439366641330692,false
0x2Cd28139AbDc9E91F8Fe7C1b4A49fC41555A5607,1,false
0x2d24C44C93D3c433428eaA9324a05ae2c3F5cC20,1020264840410962288,false
0x2D5A1CAff5f14B9328F1452B9BA541853D755381,0,false
0x2d7592A634593cF8A3bd271EE4c8c4f5e1034bb1,1,false
0x2E26fbfd06f0C691Ce8F2e399fC920cD804CdE3d,0,false
0x2e30937E01e823e225041464055fbDCDc25690c3,0,false
0x2e46558824e7f83E392BA72563145e058594Db12,0,false
0x2E528757498349C549b86ae05A8Fb3eD5Bd07F06,19449743939436266122,false
0x2E5684EfBB794C111c25293f28a706D1b5F96834,0,false
0x2ed7aFA17473e17Ac59908F088b4371D28585476,50538318570449305583,false
0x2f65768a403b8E1ae1743F846f1346766E61A41D,0,false
0x2f74262c865f5CF6bD83D6f4D3f5034529f6dcD2,0,false
0x2f9cb5808079BF5E3ed6ee472D1306AED6f0b989,0,false
0x2FA40439CBeaa14A7599a8F4D0b2313699B691A0,0,false
0x3005EA11be2a7dd69AA3c11A31e80015b63c82a7,0,false
0x302C94eEe2019cf793F23d101C3Ba3687aaD5a02,0,false
0x302EC5fbbBc67e2bdb98041C9C467b97FdBE0809,1008222912088142336,false
0x308565D0DADB9a21C7Ba31962a437c720f62c191,50542054948392976655,false
0x30ae1F5f6bb3E3AaB37a6DefE4B354D39A5B53F7,0,false
0x30fD1d2dB70FBba0d7fA48f6633e28392811A9df,1008222912088142336,false
0x317854d799bF228f22aE1AF441f0E3CEdEdCEBAE,0,false
0x3186Adc6Db16a6201B26BeEBA75305461c30d594,1008222912088142336,false
0x318Be0816a133FdB7a7F4542E14426EC4271e90f,12338389470407186976,false
0x31968582690369bF278B4390122834E725Cbe7DD,1008222912088142336,false
0x31CC6fe584c5157D6cB68e5547c92D728f29D7Fa,543867958347274931135,false
0x31da7588767A008A150CCE5cE7Cc73a601eED3a7,1008222912088142336,false
0x3231f0Aedb5c1E52F0f3Bd3B677bF72E61866111,10355147957353818185,false
0x3238B53A910B69f5dBDb31786613cE944536BA19,0,false
0x3264473150eAD02A604812C7b5b70Fef4A9b4503,0,false
0x32E8AE7A2e8A6B1609fCA7E54a9dD10480ddF027,0,false
0x3309fF89D2fB9d413B5F9669DB973bF439563492,2016445824176284672,false
0x3358faCcBe7250061A9be4463bd6DFdbc2C22b3B,0,false
0x33826A75D8B48Fba57980EAB9D5478fD8587B9Cc,0,false
0x339CB6140579c1aeC7182000090ebAc7980F9201,5231046881600943223,false
0x33C953a04f5F5eAd78a412639729BfB6b7F5d1d1,504288011734088152085,false
0x33D3C029FD119ebb90df20c3427a97074637Bf7c,6454122307985542,false
0x33f0E20f104bC092AD43E1fcA864310C4c0189E4,7883793090318441395064,false
0x33F38676406B8D58D5460d7CEaCaECe433f6Da42,30496280960197932415,false
0x3425755900b37B482007bB12801Fa284E66DEaab,0,false
0x34cf73aA6a1B5Fe8c6390a1671aBc3489931C656,493198286480355849735,false
0x34d50E818A53021Ca7E69ac898a690b1023D47eE,1022362392472659227827,false
0x34D6508B607Af072858E64c65cEd6e7993225E32,1,false
0x34Da8ad494CF29bFBBe325d3125afF16E2281b57,611787727821858821423,false
0x34F83AE818d326454C1833Cb837615386920762A,4230773299196072399680,false
0x350ff6001566d9dfB434Dd724b8c6B94739Be84A,0,false
0x352bDC63C766Ea44021479C484c868F031845548,103282384993324272052,false
0x353cC4D725CB72ff2702115B8A13e3ba25ce1793,3834323591927494001091,false
0x356a07abf63138d081d324307EeE13F793aA66E9,4,true
0x35da3d2F891bA64E6fc625a1ff2B1074c41f5559,0,false
0x35F115dCb8f52c9fBD8d025cb2dDC1E1e2dC4357,1,false
0x35F677c93061805ec478a5aC1Fcd47597A86d1A3,1008222912088142336,false
0x3646fc44B6A40Ad194d22bA58e8c70Fb6A216929,1008222912088142336,false
0x366158b891147400FAF0010C6eA4151AD3bE0499,5526239752531362208023,false
0x3688b712Bb6659d64740D55C5b000711E484C4BE,10262597643015853273,false
0x368DD8f7A3FB3425D437eDA7C4391e812E572003,0,false
0x368fba4F18b3B026E0414BF09Daa66B68A7167A9,1049821521450340160542,false
0x37167af40fe5A58eFDffC9A5695eAD8eA21bE9f4,25371099793263333688,false
0x3719Ee354bA978C3b6d923e593F184b33Bc6f8F8,11232045603831007955,false
0x378a7681271ec3d8528185c264B0C64e92e21550,0,false
0x37935675B3A85279ecDe97de942C92f6a6918E7a,1008222912088142336,false
0x37AE51088d6f3fBe28b9468F4B32a6Fc98DE94a9,0,false
0x384158cAAe0eC2f338B48500D09240bcb00e3747,0,false
0x385FFc2E815064f524Db9614A3e18cf8edA0D98D,196794048902478888647,false
0x387613dc59e65CdC9A9f1f45436e68A89df5B39a,0,false
0x387fB7a12A1E0b5BbC2a36dB6d739C4519307A2a,1008222912088142336,false
0x388e0338A49066B5cE64753Ca827a0E84565a15e,0,false
0x38D3226311e33fB56631812dd5f2db9F0c0C5F5d,0,false
0x390C6a2157358890377066dA91804a3774CB2FcD,1002607395245936171,false
0x3973601A6989Ff4dDE768746c6d67593BbA0451C,1693182358154988076599,false
0x3981EAB6787D24181d797d168dA05d390F9Ed1A2,209267088138044194579,false
0x3a13696EBc60603873DAA01D417b502697A57414,1,false
0x3a3355805181ba5752cB52CEBE8C95c0F3ED3d61,175383797435404225043,false
0x3a4A050cd1a8be5f8E9d9420CE0abcCC1Ba9511e,47835627304323636832,false
0x3A567303B207c6D906A8FCc380a2c307EcE7051D,0,false
0x3a8635D470414b1393a00F5c1ac42d945369394c,1008222912088142336,false
0x3a9E0Da873dbe52d7869e2fa76aeEd965ffc01DC,669529841352441910929,false
0x3aa0944947dE812bb40ab9C85627fcfEA10652c6,12429370933943850988,false
0x3aA8db4b613E983b70ec207Cb6E69f22d27d6253,0,false
0x3Aaa2ce2c12eAFF3c5c07F21D02241f2607D4855,0,false
0x3AD072D2191E0deBec7d19aB755FFa222f57DaC4,1008222912088142336,false
0x3aFe657F452651f57a192C23440F5C02A1a48489,0,false
0x3B15CEc2d922Ab0Ef74688bcC1056461049f89CB,1,false
0x3b22621A2B0e1F8Dd3056975eFc2150d5FBeE980,200322194104162787220,false
0x3BA3893fDe7e06EAF13a4C06e190147b867c82fB,0,false
0x3BF7Bed09ecF44a51fe10c717E5411744590B2a7,1008222912088142336,false
0x3c1877DA6EA0480F8fDA66E4425aB065871B0eb5,783483931747418308497,false
0x3C8cf14750960925Ed386F837657632318B83494,0,false
0x3CaDcb27A57dC0373a3D304359b8068e377DB9fD,51215207530155813039,false
0x3cAfceed09E25951c33046699d07D7761eb3eD4F,998200987346599330,false
0x3Ccf5DCb8BB9b7bB1D7D6F4C98dE70d24a0446d3,1,false
0x3cE1f748D4A44A2DBA36f9aE507140df8E4Db954,1021383156347403097,false
0x3Ce6D37e8326a5741F0FccCd164c48e052C77722,0,false
0x3d238fBf1F1a0B104cf80eafA6F217643cb5aB73,1008222912088142336,false
0x3d3261536CCe379F868b00439921Ba38C3B911FA,0,false
0x3D51847413663696741ccC5081c1E9744B01c3E7,61358154461709678410,false
0x3D5D22e0Ea25cB259C0f92F44DB9dDA8016472f5,0,false
0x3D5ff23f56dc1240E571Dd011BF2e373d06AaF7F,0,false
0x3D614677aAA130d32Ba1D2d41A9b4Ae66CB4Fb8e,304190240413868928762,false
0x3d948082AB46C0F8C26EefBE89e5157fdec7fbd9,0,false
0x3dB6F63EafAC28034C52ba36E8E304e55d70A41A,0,false
0x3E1a0e35FD83423D849BF09d94dAd181CBFDed9e,0,false
0x3e32a27d472A5eA1E5F04435DAB74D5B3Ae12113,48068470968619374163342,false
0x3e43F662aFb40AAB75F4EB7D2508117457ea42e1,1008178121643629133,false
0x3E464570D09558DF0B39CFDE54822b81C1A45bE0,510376272737659669576,false
0x3eA4E9d60c02E6C4687a24223eB7Df87c42204AB,10000127538229571,false
0x3EB35baF1C097AFEDe7b7a7df62470c74BA86098,153897028631144531147,false
0x3EbFC0a55ab261250364836f154B2a3f476Ae7C5,10203362449292497992,true
0x3Ec425B9FB2a3D75aB87F7776463Aeaa2075Fc34,1,false
0x3f105F78359ad80562B4c34296a87b8e66c584C5,0,false
0x3F46ce03eD3a9f0a86E002b3dACC080F7e94A4C9,0,false
0x3f52dfCef058C6cEB6cD6D18c0BE39B4B7C761a8,90368451169266530631,false
0x3f80528837E792b23777977fA3AA7aD8A3eAb4e7,0,false
0x3F88CfAb0ef47b8207CE6d91f99Bb2A2C096c662,3916552163334541238,false
0x3f9438a92510778BEaF2A93909a309753A8d9cC3,0,false
0x3F97634E763eE88A4d364129264b955c7E0BFB57,0,false
0x3FDa4F1FA628c50b7B48585dCA36465A8e8a647F,1008222912088142336,false
0x3Fe7fa3d2f03240bD26C392D257B27fdc0DA09B3,1008222912088142336,false
0x3FFC8b9721f96776beF8468f48F65E0ca573fcF2,0,false
0x402961810cF383732C986dBE378B8c4def2B8166,0,false
0x402Ee321D7959dC1591451e6482E8614Dcc3422c,17458153062777226080,false
0x4086E3e1e99a563989a9390faCff553A4f29b6eE,1006283045004507,false
0x40a977e7EE00cf0c6e9908e5665Fbf19Ee1E4eC4,0,false
0x40bBA8B1C1140DEFC330c79e4bcBd2CC40e7a380,0,false
0x40bd3D33D17a066916b0500bA3fA8254751f0568,0,false
0x40Ea36b46329E223F222F7989b90EE26345c64fa,0,false
0x410e08B3e64aAc18AE18F2c5066D26e848AC8B9C,180452050569744378585,false
0x4134872700A8C53E49216dd4b28BD1FD3128E41D,0,true
0x415bFb0a1E858c36f74d59A47F89B38297f85F58,0,false
0x41646e8b3c3589dfaB0Ef9C7ef1cBBf57f1EdF90,45600183580601297359,false
0x420E7844E86177F0A846237E1A4bbcC264D9F3c9,0,false
0x421CC7B6224accb6C12280E3b697c65d9D60AD70,0,false
0x424a21897d55b5A15A8692B47d1E60C05caBFD46,10512388146255482150737,false
0x42a85f44937346380d935C6E2a3d2FEB78fa2016,1048884310368082478068,false
0x432101937F74Cae0F1A4b7F2bAF5aF3B2aC10e8F,13928629619101102497985,false
0x43999678D2a2317028424029DD7DA339dB2d5c55,1012757332629986908766,true
0x43Bf5A6dF560e391Ec9e1FB09543e1Dc5E105ACc,447511122557849926908,false
0x4415bDF601bcfB7aB94508360904C38c98Ea53F4,0,false
0x445288E337E2f665a578E647E2ef9Ce1F7996C95,17283882385896868660,false
0x4452b60373c707dce9a161A0De4e38371E6aE7C7,0,false
0x449E0B5564e0d141b3bc3829E74fFA0Ea8C08ad5,15434159484282229551527,false
0x44A459EE8ab3b51B25c069d720Be78FEc56Beac3,0,false
0x44BC849857FC699CF23fbA3ea942399Ee71b7fb7,0,false
0x44D0A6A5eb0Ff881c24e983B96336A90435A1ebc,0,false
0x44d479768CC09Bfac88a55D868476382Eb1334cA,1,false
0x44E7331F04689EB96c0787467A0EE0EAfCAc875b,539682741799526750504,false
0x44eC6911395356D41a0fFfd5ffBbF443f58fe120,285810599393559112513,false
0x4535724648aF875AcECffb1Ef91e5d230C0DdBD3,28598573313157048056,false
0x45A98c86087Ebe1DcecD1F8D96BA81Ef694f8F0a,83832598779855812898,false
0x45BE33bFD6fC8D4448B7FA603Db753A5f69a29f3,0,false
0x45d6888c5EbF46Ebd6aEe295d21C41992390b245,1008222912088142336,false
0x45e1Ed17AdAEEab93c4d0244c551392061bB6d69,1008222912088142336,false
0x45Ea1Dddf29c9a2E3FA18166502aC2D406aDb14F,0,false
0x4604F2F49F5aC7ddE394eF877F9f920D207235eB,0,false
0x462D97ca01e08259c7Eb596C78F31AEfC4Bd8d9B,0,false
0x4673a50D8cCB067A5Ac6D77c161F32c189A156Bd,25188894940786492806,false
0x467927774B59F7cB023863b07960669f958EC19a,10067181539340346125667,false
0x46a8536703975fA7729616cf0f901e49c930c23B,0,false
0x46FA9BCCdC838F998dBF090d8e1eD93Db9623eCc,0,false
0x472133f87ae7Db800F18c500E4E076bC63D6A2Dd,22078244099898739565649,false
0x4760414D65B712C27B7018EA39e3839c921874e4,0,false
0x47Ad5E6143E2Ff576b2df4037bE74B03da66569b,0,true
0x47C3d84394043a4f42F6422AcCD27bB7240FDFE2,0,false
0x4809BE021730731a278a8cff86baD314535befdD,20052381266885618083890,false
0x482b0077336463B67FF7f83128083a8eCAd9019b,270773575814071142629,false
0x4853c9A7CB8f42a87dF28148F3380E35d8728043,762476366539639181,true
0x48Cf6863360178E28e5480532E5Fed6ef0254498,511753605011506665,false
0x48D634ed46B487B2b1AfB662CA64d8F6AedA46D5,0,false
0x48da246f887Cf5478b5517C04291aa8384508190,0,false
0x48dA4b0879444a9971aADb677866B0A1f593373d,0,false
0x491B1bd855368b896d407b60D7815cd651a67c09,50888965217365571098,false
0x493374100e511b1b091FA5BACe1929DC154FeE80,1,false
0x495875C49f7BF572B2A5EA6F82E86EE43E462f8d,302667953001422233036,false
0x49F9568a4D952AC703dF8ffe8EA42183e29195EF,0,false
0x4a1526a0cE42146dFdEF1c181A1c89faE371f7ce,0,false
0x4A41EA507Eb9886Be2c8294a0d72123FFE0C5043,0,false
0x4ACceEe2dA4269E708A22a9ce35d6079E29cc7FA,66606957319247396758,false
0x4AF9D354B510a4048DFD3244BeA71148EEa132bb,0,false
0x4B33397e8CA1082D44407E0bAF2d5F6D2554ed97,0,false
0x4B52DBd3F7643796f2e5e9d1257880f28263850f,1020264840410962288,false
0x4b5b754032d442831F32643f04cD6e4571865189,49123507289947853662,true
0x4b7F4e1Cf87ea3434C696AC38Ae2D079FF7E368F,0,false
0x4bB0E9F8d5D95bC47D80A4E49fe33A1Dd2651507,1008222912088142336,false
0x4bb11CfdB6201614E400e48609e98EB4f7446a3F,133447370388934718799,false
0x4Bd01D76B211A340A60a8558F4FE96A4Fc89C02f,0,false
0x4BdF57007Be460B851575D833D6b4CA0621A0526,0,false
0x4C2aA5b415354E0E1f7dDc1993DFf9005007131a,0,false
0x4c5d450821408C47bf4d646732123dDBfa0d44A1,0,false
0x4C892828E688906306D32A8Ca6aD17C874Ab55ea,1008222912088142336,false
0x4cbBAc6470C984D7c646BaB237f883347f16fb4A,493269551240011233297,false
0x4CbCD9Af513829Abc6d15ad7CfF0DC00D7dF8045,1008222912088142336,false
0x4Cc1c6AA620a30d2523D01CdC4F8bcc524aE7b9D,1008222912088142336,false
0x4d31cF1450cfe021D335dFe9ACa622203dBf1104,1,false
0x4D935d9f2dA4E3F924A41ce64085d01bC00424aA,1245735535819017581890,true
0x4Dd2a335d53BCD17445EBF4504c5632c13A818A1,1335554060294180061,false
0x4dE6879c7881A6737740b87237cc925f56b58a3D,94725218524928656296,false
0x4DF4553467AdF5B6335494Ac59c1DAC7859DB3a2,0,false
0x4dfeee1E92f67d985AEF1009c781d8C4b71Eec87,0,false
0x4E255D0FE05539bBf55ff249cF871db54f325Fb0,1012620512935319317258,false
0x4E281AdD1E87F5aa0fD9c39D8Bcfd7C1a6da61fD,4084581152191963859,false
0x4e3E3d5f6ed67Cd44424ad188583722Ce6a7558E,1020264840410962288,false
0x4E69628bF4d503125bB27CDA890eA9F7A5328349,0,false
0x4e86a0c13ea9C07969F627336359A083CE76415C,0,false
0x4f2604aaC91114aE3b3D0be485D407D02B24480B,0,false
0x4f29b4f5AAEE5F631907Da6016759596e9c42A5e,0,false
0x4f50b32B11aF007D53fD229a4cA07c4D92aF1ea9,2122575490701908218126,false
0x4F5FfF35Ec6FCF5ddB70AA2079a78D19e94D57C3,101010719456400693865,false
0x4fc1DDd25603575c6b659630B8B672Ac65e148b5,1008222912088142336,false
0x502396fA1f02439c0334131FCa9bcb7166F554D5,0,false
0x503A62E47b67e61804F83ff9A7cE14c34B8b7998,1008222912088142336,false
0x50407F40cEe70150966fB18AB4e4E5e6ea37E220,976350118775974019169,false
0x50b71FA550D646F3B0942a4c16bAed0260b77039,124394445283549960916,false
0x50f0eCE76AA4bAc1969A473432af44c84fE7FB5A,0,false
0x5136cDFC4D2b1A74774F5137095F82f88Af5ec99,0,false
0x516Df19ae2D418Fda0222F297e09a21a0130B862,0,false
0x518aE9dC06AF3A4d2DD1B75E2367C0D23257B320,20468812531813289898821,false
0x518B7bB37A795801b4305bd39B7C78eAb3eC2585,0,false
0x51963088C3beC10fabe76b72C8242c4E4b055F58,200037044095595278795,false
0x519bc13D6e365406B09aE4602515e0fC7bDf7EC2,1,false
0x522dbBDA3e2aC66C9242EF71A9e8D42E431F037F,476232220274481394346,false
0x5285741666e23d78eF10DCD356445C35C8f13059,1008222912088142336,false
0x52D5722CacdccC86e99fc73A1216F55B3AFF3E77,0,false
0x52F45cF60e5Db2927Ba6f7594bA8Efa589975cB1,5045965084969968113,false
0x52F79648D45fC950bF8e906a8ed2864A89B3Cd74,0,false
0x52Ff8093C6Ef08743bFd9bac5A07a8dcf545Eb34,0,false
0x53102839345B6589e3668de86451a8d4EAe23776,123872578156087476177,false
0x53440cb93dfF027C979Bb011249A6dE41633f96a,0,false
0x535824c63D3421C703cB022aba55c321a6e30Bf4,115940437594884370943,false
0x537037C5ae805b9D4CeCAB5Ee07F12a8e59A15B2,1,false
0x5378b7906c83ff6eB43A3e115BFD1417fdBe3880,0,false
0x537B0225f8fF31A6f175eC2B6411395c97285944,0,false
0x539F15196555f15D8B4Bd26d2448843fF146f50C,1008178121643629133,false
0x540a6330340B71378540d0a65AD8Cb3e5962B363,204312333503172569782,false
0x541E01962BD98EDcDC6cc11D85B052387C5DfCbC,0,false
0x5434798c287D410c162CB8D1642c3848c169c490,1008222912088142336,false
0x549A0b12Fcb66c3B1e481a668447a90aBd81D22D,1008222912088142336,false
0x54aa4537e30497aB0dbEC28D9af8AFa225bFC7d6,3499192545676351862,false
0x54b31103456827FAb3371985BB2CB31ee4F99aEA,32539580112363062554,false
0x55420601591b6A4CF14F2cf912aB377898fb9201,50696210191017829154221,false
0x55446ea8871E1B755E32300E73a7bB35068a06Ec,0,false
0x5566B7E49Ea7A17243f40B95ecb03De506E17df2,0,false
0x5580bA66f8d6Dc71adB0CA1d1c6B3D142Ff7aACa,1,false
0x5583Bbda575F142993c10A335daf29dC7510E8F2,0,false
0x55998b0Bb194D59830a5b0A41aFb040775Cb27e6,54198365512022466574,false
0x559b9B91ac3AbbE7a30AaD2d0B3DE3a199d3E8a4,7089358729640669115,false
0x55AE368f55e42a99eEAa4c297f3EFAc87a3eD60b,169669089296333541784,false
0x55b7E41C7d1B286CA58a9D19e1eE41E28796235F,23805860150249582492,false
0x55D90422B6557EebA4B3EE3f8292ed83097F1D01,1008222912088142336,false
0x55E86864ddE83bdd7Ef9F0d1F1765ebbec3A7934,102183995150445982732,false
0x56011cc21d3CB7B49A97205649284A6619a6c3Fa,2245126512356132974792,false
0x56D91bAA1bDC08361a7897fF866450d84F96d096,65696748970998566025,false
0x56f8A67cf74dF10aa07777259893eA073897De3F,0,false
0x574F15DBE368311c69aADaE22b46159f3C7Df3F0,1008222912088142336,false
0x57680331F7e57CBD6D7006C5573C1e97c1446830,0,false
0x578Bc5366c0Fd5Cf0F399314C73ab10C626Ab413,388691629789658673250,false
0x57E648f095DC7d8b26e97DFD1d03BE8D7fBfbf71,0,false
0x5831919eEfa1198235eef143BDAB5A62d73B5d06,312599168017394333808,false
0x58414fA15E15D0D48a209A3622113dDf7BDC4897,0,false
0x5853eD4f26A3fceA565b3FBC698bb19cdF6DEB85,10175180090105503761,false
0x5864824446d298D983E779307b7DB6B150568C77,0,false
0x587B938A8B21ea570325E91BDd01B161783A75e8,146980943165478405392,false
0x589Be270aF8577D2e21e953059B45A85CE7D8180,1008222912088142336,false
0x58adE60eeDC163B95de3f0400557EA9C89D36914,0,false
0x58B6e1e2F0DeB19006F9d4ED40800a835C483Be3,203575701643051194750,false
0x5931E3F743545C479357490958762FEB23cdfEdd,1008222912088142336,false
0x59441228Db2aF3A48e494Fe134cBCE0401dA22c6,0,false
0x598E2C74578f014e59859e0fACb2D0c97E959f1F,0,false
0x59BA08a00f86817F6FF80b590E046826Ae2e9bc7,1,false
0x5a0Fcb45d2Ffa6C2e9ec1aC3289D56537792F956,0,false
0x5a5ce790265736A7Aa87592CF84e3F00ac6e86ED,1008222912088142336,false
0x5a76A7CBBE91C23402462bA5071406f18284e202,0,false
0x5A9BD3E84376D2961D64e7088d0AA60CAB148100,0,false
0x5aaeB406985001c1E777e9e6d7F46B3fb839961e,0,false
0x5ade40e345817B739b91c6B4615eFCE87F9D7c57,0,false
0x5b8b6d7CD77236C023382dF1F74a3693B71E953E,0,false
0x5b8C253517b6Bd003369173109693B01cb6841B5,0,false
0x5be28e441F325D8B005839fD69695884f11da063,0,false
0x5c886F172282cc8eea9BA03F681723769E14EFFF,0,false
0x5CEA0CC190A2F4195AE7F03aFEC1D395Ff53AA9C,0,false
0x5D12fE6503Ff24900bEf1643c7784640b29C5E1D,0,false
0x5d99aD29c5BeEE7D3CEb1D1f032F3Abd2d77bdc8,1170711776774859374344,false
0x5dA68351bD082aBDA73E42Ac981dB51d9364fe69,51467361901015033753,false
0x5dE2F76B3eB497CEDe9D06607f43848951c0EFFF,51215207530155813039,false
0x5DF4Ba37b90a463498cDddFb72E3C7C3bB7dA347,102172376419942203988,false
0x5E1ac38Fd8e24AAe6968cB066cb73fc9B5167AD0,0,false
0x5E3F5d26488C927A1Dc50D13291E9AE895BD3369,2578487686442286,false
0x5E48B412f29411FB513fADF082978601BF1937d9,0,false
0x5E687f547d26732A3F1213e1C31432C3EF6810bc,2479073432890920048,false
0x5eDD651e0BBD1A6990Fb547C4c880b5777Dfa803,0,false
0x5f2f9921567f64a96fB5bBE1e892401E7FCA1f6F,1028192522191624922441,false
0x5F8e696889c74bC6342ebd529e8b3bB9A6B98888,0,false
0x5Fb9aBcE1A826D6047a2047aC1f4c7eF0dc2CBeD,0,false
0x5fBDC0153F7e0AFa07c167caA4a958070D763fEF,0,false
0x5ffceF2e952209DF9dAE388B0621992b16cd1f3C,10021043517679205338670,false
0x604Fa54A0354BA079C20beCADd3723a64B949f72,0,false
0x606d879b76B5e3b18BEcC6770299c80202ec64F1,0,false
0x60D54973C42C0c6EE76c98a662BFB8F631DAc281,0,false
0x6110012FB318D831263e4DaF604fC9F4036dED46,7022753395524141,false
0x618f9ffc7087f0288204B6ec50FB27509d4B1fAC,0,false
0x620C8A2d25D5A2E5360f5BDD3d5e33615118118C,0,false
0x621Ec0b18317049583aC828461cdb4031AD2a76a,3177660787459652269202,false
0x62261fFE617505213c5086f0ED87e561a2bbcF4f,0,false
0x622C18ccEb09087180CE7feF65038a1A6c9e9081,0,false
0x623c05a2123301D34a076C33f0FAf2E4A196f85c,0,false
0x6244FB1e1b9C016D32CE7dA76046D2D1C789F20e,1008178121643629133,false
0x6252fACA764C750C55a7242E65Cc19eBaAd87176,1008178121643629133,false
0x626680d45bA727382419B0714AEeA84E13Ca0D38,1,false
0x626a20d089C9F292C1921D8d4E427687A10D1F1E,100035893725109696903,false
0x62B7cA5CBCbcEf710e826893753C0F2C8F27165a,0,false
0x62b85F0Dd05b3b0Ee8Ec0d4F3787486527eBdDb6,0,false
0x62cc07D3c75F83Bf1C8a961bf80256c1a8EA3e88,183671730600176217854,false
0x630098B792120d38dF22ecE88378d0676A3ce48c,0,false
0x63043B54d83B1859dF46ccCaE2a2Cc101D8C8f57,1,false
0x634784c02Ef9E546588CB129f07BB15d0bC3d8ba,0,false
0x635f451e844655f7E36BE9a2c04827C7b96bb850,0,false
0x63608C92f6C4da6Ea8Fbf6E2f718Df1d12b67003,99948119758064134,false
0x636fe9cF2D2E9891289bE77a4B29b298FD501d52,203791103282279958401,false
0x63B7F56fF3c328Fb0AA9C292F3546550daa1CF62,1,false
0x63BAEd096f9a05637a6194a697367f9055dC7EBf,0,false
0x63C5229302d4B93241AA06b08447b5C13eDd3AbF,3392409576823098449957,false
0x63F0a3660170A5c9cd4CA7b28B82f0011FFB37C4,0,false
0x640f961Fd3e102dc882179EBCd283A0d7A7c3CDC,0,false
0x642d6Cd563E83A892cE9CEF838038021b966Bd5d,0,false
0x6496B57Cd93c607527b418EF584a6b293b80a718,41598273234289038889291,false
0x64f831408647cFc97F313bFf3A922dCFf2D50430,321181171732474642640,false
0x6595732468A241312bc307F327bA0D64F02b3c20,667998582555741008136377,false
0x65AcBf6788CB6b11b6E11F33C7Bc884314B61C5D,1008222912088142336,false
0x65e714b00f2a8f660bBAc9Ad866EeD7b153cB09D,2607408312225793314057,false
0x65F6Aa564ef436F765d98B21AB92E94e064146EA,0,false
0x65ffd2aE80fcb150f281D63a65d972Fe8c114A88,49077856454813498561,false
0x66390744C04D9CE7402062AAdd3925e9420f83D9,28199781218783497389358,false
0x66408934ab87C3791fBbE3293dEe31c009F082CD,1,true
0x6656c1Fc1D79b522BBA854035Bf25D12D42FDaE2,0,false
0x669fD7eeDa4CAb02849fc96532Bf2Dda0786E967,0,false
0x6718206dc7C9357596Aba271f5fdA023E2e74a32,0,false
0x67443683D43bdE8274acC78b3e8CE6EC6F72A1A6,0,false
0x674Dc6065d37667a660820e4FeBff42E140E8EDb,156727019031627156620,false
0x675Cb20aAaCdCC7F6484B420A4749f8a44fCD7D1,1008222912088142336,false
0x678F161b482e39b6C6FED07D32BC3Ee625954042,0,false
0x67C14DBceA6b4e203639466f29cE804CF6325eC7,61645891542666094155,false
0x67F3A569C1E86d64a767D4776294b0e1C4819768,2603991951507396273935,false
0x681B677479D2c4A00dDcD5325f2912EAC5d0822D,1217508054794967308280,false
0x681dF3A7b07FF705E76885DF320791f3Fa39901f,0,false
0x683efCE377A48F2899ae2Aa790F8353c1De348EF,1008222912088142336,false
0x6859B1AF1C0378cD124f6C27FBF525d67e0367F4,1,false
0x68803aC6443605374B029836c356964550596dc4,1119988365910521852458,false
0x68a17B587CAF4f9329f0e372e3A78D23A46De6b5,0,false
0x68bE2fEd75C6678F17eE81dDd2D2738d7a228d37,2016374372667650332399,false
0x68e17518C12b9869745323847755Aa163E92A383,40641795388474615317,true
0x690Eb09378CAC699B0ab2B09C6e6032C43d31D34,1,false
0x699AEDeC6E4B8415eCe89cE0F2B8Aa763ce536E7,103632306416628001525,false
0x69A5F72BbE0dF1f6b6db4879eF82E4bcF9Ef6CAd,1008222912088142336,false
0x69a883fE42d44AC11e4d5ec2Ffd3cE72d6C9B216,0,false
0x6A0DeA2697357135442c3372248D848949dfd192,0,false
0x6ab791754298D6D6d7C182DC1572126B4eD24897,3085812992254491,false
0x6b11bDA202802402f6E92a426e440BA6Abb01EE6,590276992968978571614,false
0x6ba5a139CD65F7343c70B22071196A8Fa43e8BC6,0,false
0x6bf09f8c8bD17d5F5428aDA05057F9AAbe69B64e,0,false
0x6C09B874C1a796376FEBA935A08CfF011A3f393C,0,false
0x6c4d27d3aE62B6C1eAa9b732377F7Ddf3cF2B1E6,1,false
0x6C69Fea834B83c2EF184233d70A3b18C783CAC68,0,false
0x6C870BdA9b4A3E30E06123edC0Ea7C4084F9230E,65535295513730489519,false
0x6CA343551593CF72524A0F5F06cb4F82f8A0E04C,0,false
0x6cf8E4152f2f55cf4bf957f676c4e1f70c792A2d,0,false
0x6d142d83e4e08AF4E8e7Ccc4997678A4DaEb5f81,5433184244113584520,false
0x6d62d604f1AE0c669f41845a1c7a525e10cF9b3A,1008222912088142336,false
0x6D78900ae964441dDccAe9B29516F6240B001356,1008222912088142336,false
0x6d7f80EC597b1F729CAe46525500FF56Aa6Be777,0,false
0x6D8F5F48eEB0173bA8cd0004ecf0551fbbb760b7,1020336244929249799,false
0x6DA0879f727fCBa224C883e8258Ec683b0d7CA03,0,false
0x6e102D689303660FE8235888fC04a64Db243d9F1,0,false
0x6e52a3F199B9E2dA6F9bCe4A395CB015a0C737d9,0,false
0x6E5e911bb7d52C5999Be1CF8E1d85a5A27F57d39,0,false
0x6E794ac4d5e53DC76ce4D8f19Ace0cF7cb841785,0,false
0x6ebbF7968E35B2Db5da6bc6bC99f9Db472b128f6,0,false
0x6ed54D1a6Ee10E94107316053a428DaaAa3F5e0c,61491898657762581707,false
0x6ee25671aa43C7E9153d19A1a839CCbBBE65d1EC,0,false
0x6F48475BBE2e5C5812E3ae5097B764fa883b72Ef,0,false
0x6fA3d7EF1752b506b2DEC9bBfC20BB84184E88ae,271968056179672183462,false
0x6FAc4205D92189d63E6912387502E2cFE39D976a,0,false
0x6FB18a66D1bBC7Eda01c0F76abC53f14F085bBa4,94790458745798935,false
0x6ff0BE40314Fdf5E07BcBA38c69Be4955d5e6197,1,false
0x6Ffe8F6d47afb19F12f46e5499a182a99C4D3BEf,1795930456793348871,true
0x701B18A55C5faACBb3b4D542524A5786DBeEAcfC,0,false
0x70209e640230327Acc75664767eA4ac345065925,0,false
0x70358055E7F181144B839b2222eCa8501865ad35,10081910336688255656469,false
0x705415B435751eCc1793A1071F8Ac9c2D8bfeE87,0,false
0x70601dc10b24100212fC51dC51E2570712Ff649e,52198867711173679967,false
0x7074A77130050DD99CDA301A57f07a50975C2179,1,false
0x70AB6b625412b26159FDb4dD4b3fFfd05c1D6525,1008222912088142336,false
0x70B4D506ac864787DC634703c579F063E2d3e2b9,0,false
0x70F6B0DC3d3Ae50E16f333949b25fd2b3bC2f8E2,437345460440869485178,false
0x71083690c37E75cCCa9229e99D79E3ec35b5C643,0,false
0x714c1d1BDAc38d441Ba6dda67AA3010C7F51dc69,1000346185415452433699,false
0x7160BBc2711E1De92b6658Bb7D3E023ac2554caD,1,false
0x716ebFa1d99260e21EC05a950Fd1A75ABea2a565,1008222912088142336,false
0x721EeA17D8EbF21bfBD06A740d020B4F97841d6D,51130961208707798388,false
0x7221E37fEc261309Bf4bD4E95Dc129f1372f8082,607845250013914589790,false
0x728BbE9bbee3Af78Ad611315076621865950B344,1,true
0x72Ca7b9aEC982a620a23d4b9F18fB357F9d6BFEF,115056713981884587830946,false
0x72CC4FE696Fba1deC301eb4e856DCe66c82D4222,7613355877137728966001,false
0x72F4a4A835dd9C67e5781887f1B0De97973dC93D,0,false
0x73084E4338A64d73180D039FaE40A0e92b105F35,0,false
0x73212e2729C8Ba3D508703fe9fb71Beabe93B073,1008222912088142336,false
0x7326DD7b5F7521101826382FDE54a83AdDcB7138,0,false
0x737256e3b6Cbb8DDf07d073C22B10baE09c08082,0,false
0x73f8dC6e117b096600660c1245ae8E396cB6750e,501025948755371928474,false
0x741A79F4DB36305535b9C73C67F27BB6bA3C52F6,1008222912088142336,false
0x7420fA58bA44E1141d5E9ADB6903BE549f7cE0b5,0,false
0x7464B289d1f4743EBcC51278067F67E51690118D,0,false
0x747dCCA51350951bA6Fd32603a8da8Dd745E7dA0,0,false
0x74Ab5D0CcDB5A8b8BE357bF395F121E5BcAeB86f,0,false
0x74bcDd2f3a6A91bD34fe6749B8B522f9EcDE2e3A,0,false
0x74C031C8ba8e65030E0981ef366A972d623976F4,0,false
0x74de5d4FCbf63E00296fd95d33236B9794016631,1,true
0x74e627b427ffe88BB4827734FfcfBa13b52fF69f,15144814862538089513,false
0x75161d790609e539Db9e2902Df0a0F664637f27e,1008222912088142336,false
0x751B1D5235aa34Ed5243c57D9313c67AC386EC08,1,false
0x75214FD1dd2794D0C26e22F1F71A5a91c972305e,2015498630512036281,false
0x7521a4A72481D0C82Aea358741C5bd52364393cE,0,false
0x75468Eb58413434fC82B01aC2fEF656CfAd7a6e3,1533265873374105079169,false
0x7565B9c674332512cb45c9c8DF26323AB3B5Bc66,0,false
0x757ae4Cf0552A8242CfaCA52b2a81556E089a7FA,37037851439127232478,false
0x75a49cc7d1E39F2C743dCBbd462189F4d15f9cab,0,false
0x75c7C78A0D51395a30299af6bEbe4dd3879e9d93,1008222912088142336,false
0x76296E0BB69a2cfA5db458aF5977272279b38E53,1008222912088142336,false
0x765e3b37C74651a57C162f722bf6EA54A0efDB52,218446423640269692771,false
0x765Eb49301d502CB077B677f42E0CdC8F9537274,0,false
0x76785D9109a4CdC7bBCd82299d6eAa6b863fb666,1008178121643629133,false
0x769538c3ba280Cb7B5018239937cc8F92458e689,1751625053837775131698,false
0x76A19298f6a7F699Cc3Abf09322319E7fF91893B,0,false
0x76b40542a92Cd97D7722BaC7E3AE6E7085736c61,35246018632955765175,false
0x76B91c3597528Dc7d77fdc71729d284A96FdA29c,1008222912088142336,false
0x76dA00465870eaEBfEB74975c862E445EEeabA49,2021433512717001947233,false
0x77337dfe579a03a07a475870DB443d65127F0769,7207947231226803041275,false
0x77380F9f196A89d0543b3C1a1317D86c10Fd9c83,0,false
0x77445009Aa506f6775b2c1EEb804F6c8BE9A92a6,15455200213236241618460,true
0x777999bE819FfEceE44A995560A9D0e97780a30c,164055953108504350,false
0x77ad6a3ea7e62EfD48200e9f97C3FD7672c32f34,0,false
0x77b403bdcF059994a648Bd0F0B48e0A7781C4891,0,false
0x77bB33967398E374925e3eC635Bf9Faa148Bc24C,30602617827574433094,false
0x77c2401Ca6eF5a13fE062102fd59eD4070a55C4D,1,false
0x77C37fB644D6F4A141bb9AB513C5f11D13975c3A,0,false
0x77fEb83b9d802Ffe594dBC9092E2d2d162F1ebC0,1,false
0x7811C4a6Bc1d04aE0765438a5Cbee7f61c49213E,0,true
0x7831645FA0E7Ca21370B374acBF44472F903A473,0,false
0x78A55B9b3BBEffB36A43D9905F654d2769dC55e8,0,true
0x78b3A256061ce71fA266C2442Ed08C04a784A7dD,2054560328970156406,false
0x78b514bAd0299826c1Bc9409e5c3db7Ece9CA404,3482414844364646479115,false
0x78e5A156A7366B5E7d6AC52F3BF1451A8BEdaAcD,0,false
0x78F65FA1daa00F5a8445F5A7648C5FF970F11e63,99127603864240484164,false
0x78fDE612802F86C2B4fA56F0A09C01315073802c,1029415802622454600584,false
0x7911670881A81F8410d06053d7B3c237cE77b9B4,0,false
0x791808f9C574E04c936983F972EeF4fA9927F24B,1,false
0x792E172c0B751d8966731D82073f9c9a04c4Be2E,0,false
0x79761b79d7181d819C2BfB7b5D786739361cFaCD,0,false
0x7983C67D0d0C8742E1b60De04c880Fc450A0a495,0,false
0x799F333E84feDede6F266F6f35c525eE383C8888,268318790329159117363,false
0x79C078b7018F312D7ad50Ed227A80A3f3a0C17a7,1198536925803920383016,false
0x79DEa56a2974484D76DC2AD08eA2806Abe50a27f,75684994441437469453,false
0x7a250d5630B4cF539739dF2C5dAcb4c659F2488D,0,true
0x7A4Cca918b93Aa32d7e415DA8B8a6fe985a0d26f,1008222912088142336,false
0x7aF549Ab2192fd1E9b5Aa8419069C82f8FCAC4B4,0,false
0x7B351c60AcCC662447a71DA06071bE072DA74730,1008222912088142336,false
0x7b38C841122Ddd4FA31Ee819F546132f1D875480,10200777227689236625,false
0x7bB9a8e1f52bd7CE7B18d4CDE6f8c5F10fd0E729,1,false
0x7BEcF327f9f504c50C60d3DFBc005400c301F534,44680675153218348,false
0x7bF723A7fB7D9013341c299C1B9C3fa0Dd952Fc6,0,false
0x7C067A2e6a1fD660e834267Fd7E659a3AC936983,0,false
0x7c2Fa8c30DB09e8B3c147Ac67947829447BF07bD,297500477114573935895013,true
0x7c3375B5b253d50e09F35Ed87c8Bd4ae6C085Dc2,0,false
0x7c41498AD5c72aBF0511c8A502d3A653e6134FAA,0,false
0x7c651D7084B4BA899391d2D4d5D3d47FFf823351,0,true
0x7c76A64AC61D1eeaFE2B8AF6F7f0a6a1890418F3,0,false
0x7C7cD5f32C0Fe0F0D9C05A71A301285bd79C7dbB,0,false
0x7c89331ad403A66b461Cdf57C47011F0f607cf27,0,true
0x7cc78773Cf63b47cbbc5aAd573ace669d3AB4FeB,0,false
0x7d2b7BCD5EbE577c1ED1C0636D14c13b75f5A707,0,false
0x7D859D90b749FeB439ab9401d10dC179eadF1752,1020025448523887395469,false
0x7e2D42b0Fc7bB6D7Ce7e807E7F937f9285D52851,0,false
0x7E2FF795eeD2D86bba1c5b0E622F74669898d749,0,false
0x7E37BF79394063341e0D227FAa5fA7b793CeaF6b,0,false
0x7e5AFf16fdb16a529EefdeB4d14C42e04a4DA8d1,0,false
0x7E61622446ae2A4D4C8bB64bb20E097297d0aE40,5389728736347780845040,false
0x7E89631D855238f53c65ed3b3Fe2a24EA7AE4E71,0,false
0x7eD52863829AB99354F3a0503A622e82AcD5F7d3,0,false
0x7ee8AB2a8d890c000acC87Bf6e22E2AD383E23CE,0,true
0x7ef890BB009CCE76F8B798B49C2F51e01e81a3aE,810327969072879986335,false
0x7f3B192Ab3220940D66236792F3EBDB0e4E74138,0,false
0x7F828aFFb15bb6443900daC69b4cFb48231dCD12,1008222912088142336,false
0x8017624C3797be8ca8666e7545768a341253De83,0,true
0x806CAFaA1B34C9b9d2fC33BBAe3DE209E9D137E0,18261854358243000203761,false
0x8096782c5F5C2Ee619a6845cfd5E9792779dC85e,0,false
0x80b2951C4d0409bDFb253D1a314441421774920E,0,false
0x80d53979b8ee634dC5d2f3aF1F22F5247F00a51a,5322016691231779928777,false
0x80F5FC0bdb33aA0f6572E06CDC726095c15B6204,28654693471139659006731,false
0x8101534AA0176Ff0Da9d9711879FCf31D2689511,0,false
0x8104dF8f04161Da7d5510197B83499Ad0604c855,1008222912088142336,false
0x81aA6141923Ea42fCAa763d9857418224d9b025a,0,false
0x81c247e7923eb96Aeb908228A50eDec0dB8Ba09e,0,false
0x81e005F03A31AcD2E10DF635F014E129E57F9638,1063199644865576128,false
0x82954E88f16DB08B47E9D77Df7Ac0E684e8b07C4,102060357900292751187,false
0x82F9eA8D814A6eb335cFe17500CdcbB69c7EBbFE,0,false
0x8335a0841E8A031A984E51BD53334C182b313274,601204986859160627767,false
0x83E73806DA2473A039B19DAaD79e906e68b1c9e9,0,false
0x8419424beCE1dF00daa3bEBEDDfBE93FE8c497a9,0,false
0x842256DaC412A0865ac21F9FC6500492D09e0E94,4811406772561565323425,false
0x842451395E23bF8c4baFc76CFD24D4AD66659690,0,false
0x84294BB21adc7D5204c8a367C8416b6422f2BCfd,30802471428302427126,false
0x84a78af27F7e44A330bc7add24b6eaEccDB03e5B,0,false
0x84bA38696f4F2dbCb88Ec2C5F82d24A074d2E6fe,61347277623398214685266,false
0x84bD81323caaBde701AF2d8310578AD5061a2290,1008222912088142336,false
0x84CB253c79292834A5f4701442e6036C4DffC5c9,0,false
0x84f6955F6F5613d4233F64A1a42678BC8c8fDD8A,0,false
0x852a79fDb312fD2aF3324CD8F4052F0B3c9C64B9,307859726929773353960,false
0x853C61b59f1479860A601aCdF40CE05D6c93f62e,1,false
0x853Ccc18e05996e991cC00CC1018099b7Fc5eE5f,0,false
0x8562e39C482C8bdf17EB9596bF543bC55dbca9A8,0,false
0x859387577B78A2DeADb8b9Df8BaC969d64f7fF8B,0,false
0x85c1440224D33B27c816C45A90a12BF69EE50C47,0,false
0x85d228F88d936C8286E2bb03A90a0Fc39EFE4D27,0,false
0x860bd2dba9Cd475A61E6d1b45e16c365F6D78F66,0,true
0x860c28882eE989Ed6EACa90832a8dffe6a4e7653,0,false
0x86282134CE9fC4Ac724B84b93D6D5b41cE59a40d,71983952186458787180,false
0x867A57860fD469eD97aB80cB6A097a30dc128caA,356940892308475485978,false
0x8693AfC2005F63b5EB9786Bc3D488dAE0e9CAc23,0,false
0x86bE4d65C25558FD1d447A33144E1c9690F67e2B,0,false
0x86d4c1198FD8d7f7D646e9E422AF5c560619Aa52,1008222912088142336,false
0x87111721F9aEBC05eB2a5F083569bb7FD14B402f,0,false
0x873E00C15c5dde2Ac0BA20F6c1e6Df1E4123A975,0,false
0x87616575C88AB104996B0e402bC9a057BAe64eaF,0,false
0x877402fB9e6cdfEd8F74064B50F76d34E13F331F,0,false
0x87816ddFD2f9865CA3025E46022e17F4EBd2E0B1,0,false
0x8798cb9370fA6DC14D369E8884A6f6622bF56988,1,true
0x87aD8471674c867208c8a79df918e3419A3DA965,68914280927403559039,false
0x87c03D35fc649d088298cE4a2191efcB1Eb830C2,0,false
0x882664b6ff96Ed044F7C057d1b1d3b2269e532B2,1008178121643629133,false
0x8888F13aE110149D8c3D2c2015CB175aea9F3c39,77535823862912332786,false
0x889AD622CA26b3F279667eb5Aa69e77769DC823d,891826960186507506974,false
0x88C85105C5aFE6D27Bc741F5ED438221925b39Aa,0,false
0x88ddee01aE4F6775d732e53C6e0fB73a61af0313,86861301375956539873,false
0x88fE26d0b73acA0fBA3F15B5f30784CF63469D0b,1,false
0x8917F48596D9E3D0185A4884c01EBF2043479794,0,false
0x898ec6E7967Fb12a68B69226C07F6F2f934c026B,1008222912088142336,false
0x89A0F91741de5c8c103e32DaD5D58Ee02Dad5cA5,0,false
0x89eBCb7714bd0D2F33ce3a35C12dBEB7b94af169,2318531963842949989208,false
0x89f84D4e4ecaBa42233EEfc46eE49a03Db943bAD,0,false
0x8a0fCF14276329C30324C464185B6E30EE2a5DdB,3379759822368057652695,false
0x8a14ad78280f84Da7E2b623D30094eC4bCAE7fdA,10237835402849794129,false
0x8a535299538e7a94D948534bc76583Cb954E18FB,0,false
0x8A9b7145bc7F7b2A530F188a4Fc933F66F5cfe12,9895561919792517002359,false
0x8AcF01606ec48df06ed7D1fB645435aE0482a63E,1008222912088142336,false
0x8aD8Bc150Ab42724A2944Af924fDB3431Df93c77,0,false
0x8B3db8728F97b4c8aF1600c85f214CD3954F1DB0,0,false
0x8B620586f7a6063a966Df30E9C9872A0b4c2232E,99616447712287377267,false
0x8bb2c483F67b5F5F1d1B25088B669BBfdD83cfa8,1,false
0x8bbEa7D64993597e0030Da3c29ACb4D39ED34aF5,0,false
0x8c04a5777Aa418f6b40A33E1984E605067bd2043,140229553658873008371,false
0x8c061Fc4625Ab8244ef1B9Bee7004F5f791F4dB9,631895125842561247102342,false
0x8c256300ED850185A10A6FD0b0c69d2EF87fdF11,0,false
0x8C67FeCb60652cA5F6af0d58956d3C3142b2F726,0,false
0x8C9bBe34613E995EdEc09F5444883Cd0d1620E90,0,false
0x8CBC6a3979AEb40b6358787618C6197D7043031E,0,false
0x8Cf064c3Fe5227eaa34687f88C0E73c1f820D22a,0,false
0x8D3cD61164fF9a2ddCCccE933c5b4608F6562a82,0,false
0x8D5681e37FcC00Deb2c824131FB4Bba723c04aB2,156042831734846321,false
0x8D69b8b9F089813e4F3687c744d692c36Ba7013A,0,false
0x8da02D597a2616e9eC0c82B2b8366B00d69da29A,510301789501463755936,false
0x8Da886c5C2873b3bBe4A4a872B16f4e6FDc4af38,0,false
0x8DDa9F7b1e658e7a6badE6088D04FE7847A8f349,1008178121643629133,false
0x8de2897bA83c22ca43615BDFA1D27D8FD159ee7d,1008222912088142336,false
0x8dEc71A81f696C5Ca3649B49Cc210979af75Ea1D,0,false
0x8E02247D3eE0E6153495c971FFd45Aa131f4D7cB,88615417410246217141359,false
0x8E3b0d68B31a809eAe55278A0E163696ce9f09d7,3385561864419855427408,false
0x8e3FAbF5A1E4B773C227d2646EB2470263D3a1bF,1,false
0x8E5b3A2886a6868e698A5E84ABB13208AC2b38D9,0,false
0x8E8b5a9b79E65F06B9Bb9Fc397eF9dD8Dfb63b3E,233130852968647851636,false
0x8ec62D3d70C1A27b68B396851367a4f17b096FE3,21136941089567982145,false
0x8eca30817d4d5eD120b5e0777987ab7B7fe3fC13,892239253309403741233,false
0x8eD67985496fDdfF1721033908a5Af3bcf2d9DE9,0,false
0x8EFF8112b8c6D067718d77F94F3Dc365AC3d2C04,0,false
0x8F1fDBc2a85C88344079028901DaedBb7b1a7128,1008222912088142336,false
0x8F265B4e08eEe526C5726EdbbA21d9DEb0b739e9,6272237742779290457,false
0x8f3801918C537A7EC8f1Fa6D787067e08a29Bd65,0,false
0x8FF5dD6837A0398824f8b817dE98Bb79c0536B33,1008222912088142336,false
0x8ffB65E51D3A9427A086a9e5c8A2e99e73aD6cE0,66082393826038937752,false
0x900A4Ca1375e5c6084661125E2A5E359bfa748a7,0,false
0x90225C132B6a8419f242B4e2147C03599EC4D0fF,649723530951,true
0x90b18273273738AB7b0e0f713411FF0a293729fD,36531123733197387936,false
0x912AF00Afd99D1b101eB533AbaEE7A06Ed814aCE,1184531574836741655358,false
0x913b3D3e6dAf82a2dc63a3027e487C5c193a14fa,0,false
0x9155F9bb2d44EAD2d1F721C736b76bD2C5b8507a,0,false
0x9179E0CC6d502BD9DdDbEe05892D338E6b65B0B8,0,false
0x91E5f0E577A250c1B4A7ba47b914bF539c5D44FF,0,false
0x91Fc39cf206558CE3A2274e7992517dB84C5a5B1,54255803421552649926,false
0x920022Efa4A3A020f50cc3d28C1E8D41C6596bD5,0,false
0x921084329F0e488479D5AEeB61b7702ca395dcE0,0,false
0x9213298dCA1bA339c49a7782dB2803dE91937Ca6,167060933904253455847,false
0x9224bbB4E0fBE2f2f8fab55DEbC41Eb21fDfB804,1,false
0x922ef485a31f7Edbb668c8C82D4d594AdA8E85D8,204375459066266780482,false
0x9234dA5B588A8FE47DfEb9a7852d49399CfB5a94,0,false
0x923B167e3026869c15FBCf2E82e4429e4DC97cbB,0,false
0x926d8f0B7B76e85b717C1cA798a48633659B4B10,0,false
0x9283099A29556fCF8fFF5b2Cea2D4F67CB7A7A8b,3648361779222274767073,false
0x929648fA0dFC3637d55226CE5e3F75cae1566fCE,1,false
0x92989EB906d40c6385c9982b08C5953cbF763ab2,0,false
0x92AcDa942d2719D5524BBDDD8b4342Bc195edd06,0,false
0x931F50637c31f62fA4041290DBBF7bD30979C151,5568569735560394938,false
0x93B0cCF2090F970b086f2320D15B09308005596d,100191039535244296871,false
0x941E19A89993a2Bc00D57D5672749b93Ea670411,4983274221132167833612,false
0x94399E060191EC907eeBd3a057b7aF7e6410a77c,0,false
0x9447600258b8CF953002E87a1DaaA85949af06Fd,79848825236322651107,false
0x94a02b52b97aa88d1678884AcC9b577107B3aF04,0,false
0x94ef61E48b09266e0e9c05Bd393EC4a4CC658aD0,0,false
0x95046731575eE1019dC04D88c926e065cBab8618,1701156372012618515849,false
0x952929A9551718Dbd669CF3a9c05D98F466ABD83,0,false
0x952E430c56301Eb302e25B6073B042DeA5bc32B0,0,false
0x95823011a97Ba73b4d34Fffa4560694B51a259eE,0,false
0x95B96E25F56CbDB9C0D9B26FE49275B9FAb4Eed0,107289770684227621821,false
0x95cFaDDac52b76DA6e858Dd0896a46fcDf79E486,1,false
0x95f1872c2c63f54072BD42F68BeEe71E0D6f67d3,50971421309611773527,false
0x96A9560A481f9543F5A31Cb22A1FbBCd183c6988,0,false
0x96d3C32CAA04B91247c62868f6388151E9d7c835,1008222912088142336,false
0x96e745a093C07aaf4a4eC3e0884C9c39D832D859,29083219148711204055,false
0x96F39f4DAb689aF8d301d81564C5505a31a23010,0,false
0x96FEb7b6F808dd2BBd09c9E5ccdE77caBd58d019,50321619965307765806140,false
0x971E61B7C9fc0CBFBba6C8743eE2bdc4a8Fa754c,138301515367172243670,false
0x9755A76773f234f0dFE219bD2C851A70F3c873e8,1,false
0x977Ce470898DCb619b997DAAdfa8557Dfee59034,0,false
0x97875355eF55Ae35613029df8B1C8Cf8f89c9066,0,true
0x979d7C784EAc5e398dA68806FB9f0E34a45F503F,0,false
0x98404935fbBfB6f1B44c22Fc9f9c15E58B626de9,1008222912088142336,false
0x98618170486F2d1F753094bB7853Aba7950225D4,0,false
0x98649cdc453A0e052DeAae9C33E326a6C13d9106,0,false
0x99496a535199f051d8B1Ac97343Cc6e26caAB916,0,false
0x998056659c48a3e2854Ee3E9AeB95660f6608aFf,249924962845181257637,false
0x99962e7D109833dFc78530587ed71270A6060040,1326097165589058992484,false
0x999aD0e89006AB3F6928839D081EAf8b9AD61a8F,99952241373603780133,false
0x999dcBE90d56bf64016161f85D56B9dC6c340024,0,false
0x99A5A6010e81d3Efa13d5832043E9C3B6c11Ef3d,533516850510536278617,false
0x9a567a640b2Fe21d90a05271ade593e9C74812A6,24511227770760843233,false
0x9A642d0fC914bFD5AaBc0E6b8Fe239E7A76D6348,1,false
0x9A6EF239Db26ddD5455aeff2bb81C38Fd0887669,0,false
0x9A874774eB541162273C84D0B46FDefA7f5AB0D5,0,false
0x9a8907e6DEA278196001777EF7A2187Ce5cEC478,39723486930361721475,false
0x9A911A489af5A2b5B307cEe438641C0f680465D9,2428805963388236483919,false
0x9Ab1A23a1d2aC3603c73d8d3C1E96B7Fd4e7aA19,5112687795787549799,false
0x9b0c19000a8631c1f555bb365bDE308384E4f2Ff,235089120491289726,false
0x9B339Fa0d07d776b36d72303F9613Eb3C932596b,1,false
0x9b41EA1d0D8841579cdE9cC2E3eb8358857E508a,0,false
0x9b66137da669F2e6277832A3d2C91EdFE963e64c,0,false
0x9B8e8dD9151260c21CB6D7cc59067cd8DF306D58,0,false
0x9BB6aCEE72Ef687E9e0bB1B78C908526D967B745,49906103985928718195,false
0x9bc070297B840F70e5137C1Fe0504889F6871573,1008222912088142336,false
0x9bD7E1437AF4dfE2C892b902917bba1010Be75c4,1,false
0x9c00D7E3946687117e7A9224DbED062984F322FC,30571738052887662954,false
0x9c08C88F7EFB3869EC368b00a8c6beE166038074,0,false
0x9c1DA680B09A1b803F87478C359eaFcD5c895A65,1507087368711746421071,false
0x9c3bAcade6BBE81a6238110a28628512ABf4eC4a,0,false
0x9CA0B79F482d9351EEC1C4377c80BAa3d8008171,8685538300365411545,false
0x9cB4600a15eafb54Da63e8214970f4E6FEc506Fc,0,false
0x9cB564Bde1DCb69b887D3FCE19dBbF0DFb20Ed82,1,false
0x9cB9A28C08C289372178809714F7286C7B9873Bb,1133884840273905603285,false
0x9CbADc9A712139959c6aAe89d154c05F9f910b0D,1,false
0x9cC5cFCe72337E39229fdDDb38A65A56cB770588,0,false
0x9CebbE3A0bB2B508E9a29C8c9F10A503ED7299ce,1638257583923001616406,false
0x9D3cBd9c7e56F09B2760115821B1E0632979bf02,0,false
0x9Dd06ADed3583F233cdF231F1e9677ABbF5621F1,1008222912088142336,false
0x9Dd56BbAB471f13eF37C06C342C6d22E6EBF9429,5016076100697477574792,false
0x9e0898AA9993fDD04C45A60D5E300009f00eb195,1,false
0x9e0AB2305BD3934e265952F9dd8a22255AfD963e,0,false
0x9e540d976Bbc166bc7fbD77A965e32FBdaD979C2,0,false
0x9E67f627a17EDed3Fb7C71417DFe4aa7bFb4CaB7,0,false
0x9e8c608392cEc747eBd989Fc1e237fc5Abe51bc5,987886705821094126096,false
0x9EA423E57750052118995d5e8c7940953330688c,0,false
0x9efab36288565dC343b6909350767cb392AA4F69,1,false
0x9F79A95BcF083bd9b1206babd2e56c74372ce1a5,1008222912088142336,false
0x9F85065905823Ce12Ab51da16B6dAdf47C8c9bE6,0,false
0x9fc8De33630C4b528187840607b3D4590c63997c,1008222912088142336,false
0x9Fd2cEE010CEe932873760E8d21995013708AA0a,0,false
0x9Fe1c07A4B2ee2842eEe679AE719bb23eD341C18,0,false
0x9Fe7390e8C69968eb91CD42431185daEe825DF04,0,false
0x9FfD0a5b5438B95861167422E745D34d151bcc3b,213034187242542334317,false
0xA0168D37A5332275f77A7792b74F9E77CC63Db0f,74868893197683773213,false
0xA0aF727f05D17d6071Ad5341Fb8AFfecd4b3B80a,0,false
0xA0DbD8124d84f05a447227C25694d959570B5bbc,952464838899557773658,false
0xA0e04247d39eBc07f38ACca38Dc10E14fa8d6C98,820508368171,false
0xA1313AE9070a70fB49ACb22669b1456EEf4e3b0d,0,false
0xa14ed585B6a4745CaA6cc94952379853d93cb3D6,3568434080628385067533,false
0xA15d205337CC4C10CF00350EB92a5fb362B359D2,0,false
0xA1755f0a9F00C88c6993D0f46a9960870077b931,0,false
0xA1bD817e13ED6Bb524ED491cff76C83aFEC773Ac,53469787144697759811,false
0xa1CEc90603405dA9578c88cDc8cAe7e098532DEa,0,false
0xA1E6A1FCAd35CF225301FdE2F37113feF7Ca8052,0,true
0xA246f0aeFd4adbb66D9848fB2D4f12f3f59ed12C,0,false
0xa25aAdD0FcB2a82D1eE052C4B57575d6406ea5aC,0,false
0xA25f30Ce1d7371CE685DA7fe6aCf09D8B9ab86E5,0,false
0xa2684E1312008a4C4cB9FCa33F521506F21EA687,0,false
0xA279A334d2Ca6bb76d3A09E6056D583A8aAaEB90,1008222912088142336,false
0xa299FcF51e6EE5030e13c2236e44aFE0B6fcA4bC,1008222912088142336,false
0xA29B6D5B5669975F8cCaf32944e4C03838871f09,0,false
0xA2b16c27c0766A1Df18892F7b0413b4f5806ee4D,0,false
0xa2Ba0b80C251E3ef6fC86Ec86f572B0decb7719B,0,false
0xA2BF60058C0657C45FDd1741220b4A7F0DA91CA3,1,false
0xa2D823E5df8fAE7BF6139E57076630C736B30fbB,30230666081217838629,false
0xA2E0ff329bfcD5E640F69d423fd9Cb5B3e869BA6,0,false
0xA2E1Fe3359959b72A1cF7374626eFcBD9bC239ea,0,false
0xA315E1Dd4D89ac9D3B40F0cEfA4FA7A1c10c66ba,629965248807127477098,false
0xa350c0889AA7A2D9BA72ff8AB28ABDd85F4D940B,0,false
0xA3F6679520c137d993739F20457aBBACe6a01617,10614083274193617516953,false
0xa4104c8457557CEBCD6F8a55bB223110EA4c324e,1123393480347618780916,false
0xA411f925755dE548AbB25cF03421D26ce491bc22,0,false
0xa48C42B970F44EFfE6F99539f2444051e2a1a0Ab,1008222912088142336,false
0xa4D178b39f36aA108b89C74A15776A2e534b6814,2,false
0xa4d7823689A5556892260d4cfeF63Db3A700a9ec,0,false
0xA4f8665494516C328fD19DDcCD936ad8C1aAC829,1008222912088142336,false
0xa4FD228b199A1e2dd8C685a7442c4C703d62732c,14178411326674662361,false
0xA53593928285B65315C43d93c376DbA601A2b822,1008222912088142336,false
0xa53b465061c86f8a0497b85a16551FFdC87c9692,20405296808219245775,false
0xa5423f7077baAd06c89205F08FA499b4a75bFF96,1008178121643629133,false
0xa5610D14159758172b052f44f9bE1652A60b27b5,0,false
0xA5a69107816c5E3dfA5561E6B621dFE6294F6e5B,0,false
0xa5Ff245EC19298Eb972085B7271355288B39Df7F,143660201413832694530,false
0xA631FbD878c665A4A9f3f315d74d685bF81D3678,194989355217301212200,false
0xa667e43cF3a3EF011BAFaBa4Fe311E7f44918892,0,false
0xA67c1D162fA606F24D1213d9277Dd35fDe7957ED,0,false
0xa680E83809Ec7a20745427fe12118d6E1d2eb208,0,false
0xA6DE2e9B80eF5235Ce2240c2C2dE123e9cdd31b7,1716653493662556366909,false
0xa714686d89e5522bEdb3a06B659743D53cA302A1,0,false
0xA716160854E98e8c2926584525bb536F485acB6d,0,true
0xA76Ca190CA45DC1A0322259Aa6D5d92846B049c0,4610346477132010464293,false
0xA7b63A01b8dE5b02A4eE0b49B7AC9CE312A648e7,1008222912088142336,false
0xA7C60A8bbF27715F33F6E8406B09BD53f14747f5,70017466175726913449,false
0xA7E5a837382C4B2A484BD2AFAdc8B5A5f6d74e87,0,false
0xa7F1A2AB9765B757Efee758dd3d8e88BBa28B67B,15304548176138000525,false
0xa83b4153523b2a60062a83a2f86a0498047c0Fc7,1008222912088142336,false
0xa83c572C8072f3b11562F08B89d4F3077682acDB,81742544084532032932,false
0xA847cdCE7C27b42dC16Ebbc5C3FB4e8ed1Fb0A10,8108751583274707931708,false
0xa856a5224Dac28B7dc16929D30ce38cf5FF2C62d,29039485017484317552,false
0xa8748b5c20894821C1A16E3c4c6500AAfa1E80CD,572811258887990989264,false
0xA8b398896D67CEa6D26fc140E056f745261c4B00,0,false
0xA935433DE1E70538269c417a01543b3Da8478A48,0,false
0xA93D2cBc25CAE1bd25DDcA3Ce80d41302D3C484f,493913987212504900044,false
0xa954e39EC3b49A0081e8738BfDEd4b09d9b8e885,0,false
0xA958598d228dD5fe7d4D895E8FC2bA6153Fe3E6f,0,false
0xA9c695528fEb51cac54853c2E1d92413dBeB87aB,0,false
0xa9Ca2BEc23d9bB80489A075C07f0f2990c2897F4,0,false
0xAa53E3D18daFa7B50AC3e25642D65d75E823006e,0,false
0xAa638a9603D46cf4E07aF437cf57dba6Ca3241e4,1008178121643629133,false
0xAa71e8480Bd54C5e419f8C8BbE722a40d0fC1525,0,false
0xAA8c151007b5263c7103adA239ec1a16d3C941A1,1063199644865576128,false
0xAaBDEE2b6dbbbd9048AC1d99BBcd306d6A7E9ad6,52695051325775786178,false
0xaaE728E2903540Cc0D5c3527b877440F9353eA6F,0,false
0xaB13156930AB437897eF35287161051e92FC1c77,9662811388872084431430,false
0xAb1eE40e8D01ce977F8723F2cE6373C424C5031e,56068026540252028314,false
0xAb30f11201d6D53215729D45DC05a0966C237922,0,false
0xabEfd611A486b84F31503c361F6e3d0f3c14C074,5235433591937032865684,false
0xac1Ef3316C2337496D928a5b06b0a65d5942dd94,0,false
0xAC285f541C80D98e0bAcF6AAA59a4e6D4D2fC87b,0,false
0xaC888C754546ea45b168FBFa605253DEB25A3879,0,false
0xac895Dc2deaaB8c5C40af5b13E28E83410cfD751,282532628499917573893,false
0xAd42F35dC6d24BFea92fC4EdB0079e4bdC3a1300,0,false
0xaDa3227eAC864faA6c1f2E148B36467B740B936b,0,false
0xADD72b93b3cFd541E101f4886047B0A675115b98,1008222912088142336,false
0xaDeA5B9920d5c7b9C10A2d4507F9a5df2621eC86,0,false
0xAe1B3eB4E8b5f5c9E8213B87e4dA844b61FaA48d,2907422545068640235178,false
0xae6b6D668ff342383784BD5051f952825eDeced2,0,false
0xaeaF48752a936495193d210e2c949af298AF3C76,0,false
0xaEcaeA22Cd213f0DF786AF9F8b7d2f651AF84D3C,13223880641647432895439,false
0xaecCbc288CC7cD85e594b5Ec65f0fd3D43b5feB0,0,false
0xAed9fDc9681D61edB5F8B8E421f5cEe8D7F4B04f,0,false
0xAf5A1DBCc1ca4752A41524fC036ac23f3b5d6f5D,0,false
0xAF60dF87ed5f6893f7CbA431E5BDA07BBAC0B9EF,1014478540265114600693,false
0xAfA98BA384612E3A5a8F2Ee47951323F6c02A00F,156712289245593665544,false
0xafDB09Ee00C899299D1f9D9722E80206f070853F,0,false
0xafF5F83Afe0Bb90121036F6B885975A258f3Febe,0,false
0xB02D78b85300cA2EA9D4b2422e6BDCCbaC07bACB,0,false
0xB02DC63B4e234e1aBc36EAD88DF610d67f4920dD,0,false
0xB03ba02B2B1cae26814c3501B1f25c70f8d784Bd,0,false
0xb054675aDD7062E2a708bA7C211fb0eC1F56B8fA,0,false
0xB07CC36fa7d15FE4eeb90e301f200C93B4f4E732,106570303743572023560,false
0xB08cDe7897e02c670865fAfeEB96527EFDb37C2b,130041378751808680088,false
0xb0b975ac6A2A8c8D6829880BE6A9F2b209311827,676916539878794225,false
0xB0DBFa6E34ADf8CBCA0332A155F0FD9b93aBf35c,0,false
0xB100DceaEf2f3b64e629f6e7126dB092B534Fec1,0,false
0xB1022f23Aff93467D65a0041D8FAd15Eeec249C6,0,false
0xb17cEf6d0f9597a6a4903E271d4fA76874068357,0,false
0xB1881E88c1C2cA37b2b8CA72a77104630C0591ca,0,false
0xb19d6B66b18FAE0FcA1023138B229e5F970b5180,0,false
0xB1aFf2B3a82483823dDe3FC5f27e13e211459dBe,1,false
0xb2197558Da56D35709797C08418D5B238326A29C,0,false
0xB2486435ab56C626cD7aA25631C5E8995Abb990E,0,false
0xb2dc53CA5121E427F450106526918353A2e48353,0,false
0xb3824173a3b2a8fCf50254fb9CB7CB0d9aD93352,0,false
0xb391eBA3351AD7E1D39Fa28B3bc46D1606EB76f5,92939165326704294193,false
0xb3AEBa7fc075dEbCd37Bd6743f1dBc4FfD6baBfa,103413317077307616832,false
0xb41bf4F5348319Adfa6C3B0c672bFa3303DEebEa,0,false
0xb434320aFfe51a96DC6bD13dA8C7fB2C2e16D40F,0,false
0xb4367aBE9d87C508eceb60c422cBBF8E34Aa8dc9,51046350263264896919,false
0xB44a06aBeC8F3B07328ccBF29E07b261cfdA1B86,0,false
0xb45b653641A241e3D9a392435B082aDa7426D4AC,2016445824176284672,false
0xb47666A6D0096d5871c51D9bEE04b6F97F773F6b,1,false
0xB480BF6c8bd3e319826A7A7F1DB9D2686d44518B,0,false
0xB4EFD550B3833611Ed915DF0a9ef976376Bc01eE,0,false
0xB52A42f0C0032bcBe8Ee448654F47E423CcbB3a6,348500698746419821833,false
0xB5314Ef821DD1Bc8485efDA836d5bf7676171F26,0,false
0xb56238D0225c7E6155591916167C138A4Be2BABc,1462999008381191416438,false
0xb56886CF3C89B12cf775B7E43B01963694FdaBCe,71261292469369269378,false
0xB584084314708Fc1f258Ec065E6e5FAdE0D9DdB2,10013134645670159332,false
0xb5E0daCB97F998051AE2A4355c44c4fC4588452b,0,false
0xb5E105b51f4A43905095f66FB51a20c4E7fB5AC1,1008222912088142336,false
0xB5e6b3b36e7f6AEbC48B8611fb4a9DB43ff82443,0,false
0xb658952A1a6c830c1aaD7aBC701B6ba92c12dF75,0,false
0xB673eC8881303EEe7A9cfb6C2643c9c66eAc935A,0,false
0xB69994BC4678b5c0b20c958b748f9F5861fAE764,102169116751939926276,false
0xb6bFAbaEcA5A221f5df7Ec210B178684e10DAD95,0,false
0xb6c13733e8BaFA3024889148Bba8693a41331B6B,494509767664476333114,false
0xb6Cc89Ee18DfEaC9b65E2257979Cb3fc0f6a82F0,290491620358966770046,false
0xb6E2129f9C5D87597043808c2e3bAc1f0a310458,0,true
0xB6E58769550608DEF3043DCcbBE1Fa653af23151,51653803475881982782,false
0xB6e7df9dE7459F4839D431CFc26d34293b6ad6Fb,0,false
0xB7a9bD1d8a94d93Cd5c9eBFE6702aC1303FB238A,8265261393811822865,false
0xb7B0A0794801CcBa37F9c4De4aD2c63330dacc68,0,false
0xB7CbB68D685F3bD1A151663EB9679D64dFd94790,20362063310141948727006,false
0xb7d49ADB031d6DBDF3E8e28F21C6Dd3b6f231cD5,0,false
0xb7e1eB606a07b81A836bD19a244648640acFeE95,395556606295087078729,false
0xB7F5F4AC74Fb1481EFA5a2184b8Ea5aC762494fB,0,false
0xb7FeE4f0e877A348481355FFf757D8A079A2A48b,0,false
0xB835F930FF5DCe6175e65Fc855E5c926F00ab886,0,false
0xb84ec6b63029EE9b693Adc5a1d87c493A1CBdA2A,1,false
0xb89Fa54d5D7BCb78e121f9fA85Cb47242355c68E,1,true
0xb8Aa5d63491c087D40Fee4311A89b1dCd74b0FDb,1788874788797173922966,false
0xb8Deb16F18e4C974A72244cB89869aa6AdB1ca98,0,false
0xB8eC6d69e088D2BafF1d5C4Efc702A41C8146443,320892228750292598,false
0xB8f98D08f1A456d1EC9417e5eaF46fc2eDe9c0a1,0,false
0xb92667E34cB6753449ADF464f18ce1833Caf26e0,1,false
0xb94FE30BB4Fc91dD94BA3FDBB21022dD7Ce4c27a,0,false
0xb97B580614f4A3189d15113E69E7bDf8234eF998,1008178121643629133,false
0xb9aa42cbd363D73E9fA77f53a4Ac8AF89b17B42E,550834856561246210728,false
0xB9Bee603BD1449ADeB9a9Babd73e9b19f4Df5D50,9903073217273208248,false
0xb9dA76e27fE60344BB54294a531be64e6420fC13,30754264826727041551,false
0xb9E6adbC1f1b0b49bf5Ea6F703857a3D0Ab37F53,0,false
0xBa03c125E5C5Aad6e0A838c38C0d134737DD8242,0,false
0xBA402F163175750247d9A80578F291eAbBb43A48,0,false
0xBaaEb7Aae88C94D682Dd779318c4fe0fc450eB3f,51542380555325657135,false
0xbaeeb704c5a74314DE47b9214D56902537fFA2A2,1008222912088142336,false
0xBb1B02d892575ccD9A436cFF986F2C3fDf0702d7,200064295302147600102,false
0xBb2Cd48f0dcF2593D21E1A9a6D58FD6B5960c7D0,1008222912088142336,false
0xbB2EDfd379634678CC22fbE21f633aF7fF3f6e10,32124251237052038938,false
0xBBb347A3aA38a3CeE45d757F22e2597b68CE0671,0,false
0xbbC894fdDb61fC52111d729114a2f3247C9F1933,0,false
0xbcA1b9e3258572933FE8f80509D51ab4e1D43365,1008222912088142336,false
0xBCbD336D12F6c4904e568Ceaa916D165F5390E62,0,false
0xbcBF774fAa5D7dDe131AE0eaC9e701384755d39C,866230533617914327774,false
0xbd071de4D984F91330d4fAb66c323DC94D38C220,28635428476700155322,false
0xBD1f7d88C76A86C60d41bDDD4819fAe404e7151E,203922883804697838987,false
0xBD3ed7668b840c8Bb30e000EC2b681D0B40D7399,1026361611820211349,false
0xBD846b43B6E9C858EC9E6BBAB565ab4A40B549fD,0,false
0xBEADFCa8C61665ACc254b51467b7c73B2096b869,0,false
0xbeb910Ae193Dc54411747aC236E67D221fF3F1D7,0,false
0xbeBf972978830E2788047A7abE5eC39CB4b6076C,1002565828151966551693,false
0xbee01CAeEFa792FD883C74f88655FAC571990F6e,5065647274171623297,false
0xBEE634918A8FB667678473a5B5C1cB3C751b6CB1,0,false
0xbEf31777d13bd5FAF521C4a658703D8Ebd234E8E,1005344594330251576003,false
0xBf5Cdd504b36408d3345cffb0B651Ef0f6205423,88887588647166569066,false
0xbF857Da5C31cd2c294567E0804095da3f3D5790C,0,false
0xbf87ba343C62e93A063654c6Ec235cEB153Dfca4,1008222912088142336,false
0xbFA05260e8237d6ccdc3ef8afB54Aa3158DF2258,124380247824742502327,false
0xc0167Aac7Dc87DC225E39b5D9e014e343D06C2b3,3299041421524086669629,false
0xC01F14e4BC5331a0bd12c1c28aCD3fa15df95934,0,false
0xC05D7410C3E84a5825f37f0546698b30F80aa5A3,1008222912088142336,false
0xC09e6D1094b7430F711Fe433D811417a31d79820,0,false
0xC0c49B81f9996Ae22BeE60268DFc1e9787e1bB80,0,false
0xC0F060dc090136e3972BF9068b8f2273327Eb51C,5644604019754708778,false
0xC0F9e8De7cE5ad40979de08b6b746BA47Ca608cC,1,false
0xC105A696ECC97ab7d6655Bf0E16d03f8BA9fb536,152184120059091757834612,false
0xc11661F08e67cCEef4819BEea2Cf0D94008BA9b7,476984575720910084862,false
0xc14Be52005b1d95e0a2e44F474Ed1f1fA95eCF0A,1008222912088142336,false
0xC157227c7A11DDDb5EF159addB85755e6071dE6c,1008222912088142336,false
0xC15aB7d37312Cd9eF816b8914D8dAC64DA2029Ee,0,false
0xC165896160920cf5C3553746641f384e4d16D3FA,100213933792288019870,false
0xC1849483CE99a9fa040B7609F3183Ca0Fab4aB0B,0,false
0xc19D0c4c7Ef8825d3d2A1610B93f33cBa0dCa959,0,false
0xC1a5E5dD17DB38bF0925a0176BD7F0b8DB4C4656,39710958602743355839,false
0xc275C8b75e6c026F0CB434fa0BC53B1CC530CA20,0,false
0xC2B4DF14898F8496175fA79eed6738141Cf87487,1008178121643629133,false
0xC2D201037bDF8F7fe905F1073106Bf4385b65A6f,199355383300809156,false
0xc2d9e13c3EE60A27FD401E4691d5cED233CA80E3,0,false
0xC2dd2b0cA1Ad1448b9F6839A2EF7D9bb1129A138,1008222912088142336,false
0xc2f06416a4Ab621205B39DdDfE73e412dE5A05E2,0,false
0xC35e6BA6A7155e79678134DaAb650fd3937C8589,5995998154946585261,false
0xC3607624e3264992f6D61aE56C5E13b5B24e8f6d,350390833609051824664,false
0xc367C259368B4Fc7732c6a5F01141065471A8171,0,false
0xC37d61FaE097fbB439F31052a589a4c5c655C0B6,30759155576034076106,false
0xC3d15bD936DDCb45b87BFF3Ff13445284a6c9d43,0,false
0xc43a8728EF24A7306c30330A277E46c382D32148,1,false
0xc47c4c896Afe31e0c37ecDb54df7836313b6504c,532756607112884062890,false
0xC49F2F72D1E59e5f52d13E1c86F563D85b3DB1FD,67233970085409068628,false
0xC4d20A2e7Ae7Cf8e8927044d009A366B411A0e0A,13981168550835645850702,false
0xc4Df590895bB53A8856b2997E425ec7804a596f2,0,false
0xC4f38Fa6974D4572D4F318911FD6Bfd6ee11A3BA,1013749725016901600,false
0xc524eC381b45D6FFccF88800f33ed4c039e508bF,633633949618287649419,false
0xC53E7040ce1D891d59f67CD2Dff36B32d4Db1f80,0,false
0xc59eC61ECacd6A15E3132DD45601f76C29378Bc3,0,false
0xc5BC3579F6b3A0a160b6B8C855aC69dbD65F306a,0,false
0xC5BCC6C6da4996f1351d2F51c9570B5F60821c8F,5088219797274895384911,false
0xC5dEEaB9C6C2Ff9361dA0cc5874800d3b994E305,0,false
0xC6596244587105b9D03ca815c6d18c7fb1f332ba,512398469559784062712,false
0xc6aD6bb64e432e282902ec3Ed07Ac9321E196835,1668137453597212233,false
0xC6ADbF61B6B25682f7F92c1bDfFeFfd8DBb8CD1a,0,false
0xc6fE438c3d3e9b9E18e6fa47921B04ECa19dCC57,0,false
0xC714F95245BA246FBC909160BC280c32ccc08FDf,3041772611461069749,false
0xC73cA270e6613ce58441a75f3853F0cF1b269b58,4486069278328713,false
0xC74219597Fc86b0f4644c1384c22E97800B5F9AB,1008222912088142336,false
0xc743c247Ffb160baDABD66c60788409B48848F16,0,false
0xC845e0c2117b3eA329011475819f14D0854a12AE,1,false
0xc86115b1DE5D755e883aA778a9a13EEACE706087,7203136157722633864208,false
0xc86E15edF575c511A0d7aF9552003eDD31a03Ac9,0,false
0xC8a5BCfb310A2779493b5e207f77Af1e0e9402Bf,175337880198294241759,false
0xC8Aa3D70e3B235e6Be04dB0d9653002139f03408,174617020354586018127,false
0xc8c459BF26F847E0Bb8f7b58c88C71e9a185eeC3,1013924203820356583084,false
0xc8d1D0F84d122dc8b5e5B286ABEAf23D0dd4323d,0,false
0xC9268DF874467474b6e0D4f87409214167fa9070,1,true
0xc93b241A5245c2Ec76ee492b40Ed984F2360e7e2,0,false
0xc952e9406A7BF92Cf2c386CB9A2e338b725146d3,0,false
0xca2f5e2153da3b8f0EFe1DF57784cd0d1A4110Ed,501121713390803542640,false
0xCa36e629A41D8E69a36Abf805F5230970BAd6896,33119580504255121519915,false
0xcA5f4c901182799Fd63b23B874E2712cCAaAaAAA,0,false
0xcA8ff788E2E49295c1F7E66A43836abB8588002B,0,false
0xcA921C9e3c002B37Ba65540650CaE44C1399c046,101069596553799255151,false
0xCaD7E09492f9B1A121C6a4AB4538e6D92Abb5edC,145327787938451637005,false
0xCb08d0518096027361bc0eaf37b8F678c5Af76c4,0,false
0xcB2d2Dee8ccea1e2f430f7df51c29C1315C9F5e6,0,false
0xCb344cb7A2aE598Ce71C16Ba20779a91D84a98AF,28307716120422564014,false
0xCb62bd24ec55bcc1955f26F3ACFA2CDBC7C26D2E,1008222912088142336,false
0xCb6744e1811Ded2f25979D542BcDCd7cBb9A7Cca,0,false
0xcB726F13479963934E91b6F34b6E87eC69c21bB9,10006679648076490673989,false
0xcB991355f16a618073f79E6AbDBb50314cF45B1E,60990263388895367450,false
0xCBAd3F7f1Ca81887F4ef2e4e33f8165171b5a23C,11160329147236139321763,false
0xCbDe2592550dd2E60f8D6ae213cC2ef22A5732Dc,0,false
0xcbF336eE5C594AA5b258D77653d75E286ba5500F,1008222912088142336,false
0xCC01d9D54d06b6a0b6D09A9f79c3A6438e505f71,340437680704837458782423,true
0xCc077166913316e9ECD700DD2f52eB539D700aDd,997969722848887379004,false
0xCC55AA8FA576A0217523f62083eC633b9a04af01,0,false
0xCCa178a04D83Af193330C7927fb9a42212Fb1C25,0,false
0xCd5f8fa45E0cA0937F86006B9eE8fE1eEdEe5FC4,0,false
0xcd7F266F5440357a1Fa058bCc7C079afB6b85A57,1,false
0xce66C6A88bD7BEc215Aa04FDa4CF7C81055521D0,0,false
0xCE964f5E2Bd01608d17707B438C505a702b5E318,0,false
0xCEE22dF072D7fB04570fEc0b684A9D02A4AB8899,1008222912088142336,false
0xcefCcA169357a18Eb8c3F230F92b58562e48CAE5,0,false
0xcF04dC5177AC47aF8DFEC28FFe138743d1D08080,0,false
0xcF4a636bCa823d963E5f93800833FC0709F5346A,0,false
0xcF6707D519dC79Dbd2a7C991735c514b4Fa724bc,1008222912088142336,false
0xcfe772359db751F44b24Ff72B4A74F68A2f8675a,100102400143016898623786,false
0xCfF16366b3aD1674F2284b82BeDe20BE3bf01084,755318823126123731218,false
0xD03A6a940cFe57fc08ef454ec055798e0DfB2A74,0,false
0xD0489d93F71cd6D3784944E811af263DF7D3B70D,0,false
0xD066c92d5dD4fD19E7F053Cf63EBB01Aaaa233CE,320789780089302676760662,false
0xd0975bb532Cdd28080b3B3179ba68B872142a8a0,1008222912088142336,false
0xD0a644446795B04E83335e4360Cf8d19F1b7BAcF,0,false
0xD0F49ecEd2cE09E5Bbf1f8FfC21Ab73bAE3481fF,0,false
0xd1074Ecd9373DE26Af809a4371e7FeE555500ac0,901624479994455,false
0xD159DE3C562B4E1221ae435Ef34761F99A9Cc969,67909404637145029486,false
0xd18E4e9FE5e534CFE4E42a8643d9c81c53e5bb29,54949876697551127220,false
0xd1a4A511b7568286Cf8dAC48d82B600488cDA2f4,0,false
0xD1cb71DC6Fa599807dE88d85F8FD5197916249F1,0,false
0xd1FD6b7d78361d24875E11bB97BA282fB52C5003,52400754470107458992,false
0xd2678Cb652B0Fb412D1e38d9dE6BcbAF4cA0A9a3,0,false
0xD26d9CFE022332f830BBc4D54885f25C867e4885,1,false
0xD2E8f308a4305160fcE7bDe28865f6B551efcBCC,1,false
0xd3092810BfC5CC9393068840450c1dBCd42038ae,271676382368269632378,false
0xD33646a533023e377E6947a02abC67B00Bc08D6E,0,false
0xd39B6849d2e1dB20BAb50dd7A4F3e0882c744404,6038579251876037820469,false
0xd41b9F3Ee050CEeccBA79E361D6c5ea45Fa50E21,1020264840410962288,false
0xD43a25B442E2C343dAd472A871c5262cCA275Eb4,0,false
0xD440E7ead01720A33F2C888d2eddd76595491Eb6,1,false
0xD449F90AD9A9646cCCB8986eC519e3FcbCC7FA9F,0,false
0xd4684dBA3A0d028e672EC7B885b5AD6373e1c42a,0,false
0xD5472c60b7CA053a97000BDB6eff3C0CF32b9616,1,false
0xD56179B525DC0069f98c2374DBBC3cec6dB319Eb,1008222912088142336,false
0xd58d1aC0b3FbF661D5867c22eE9Ef7A5D5fBFb2c,1008222912088142336,false
0xd5DC835a28D58632503f0714D51d1cB18d6496E7,0,false
0xD60aae7b947D8BDF172e5665CDe3b032f475cAB4,0,false
0xd61bc0e78B4A84e4108274217C057EF5A21C45c0,0,false
0xd657860fC512EC2250A7385A353f599e3276FDDB,1,false
0xd68B22D7F83ACE5a10d991391799A332F0e091e8,0,false
0xd69F81919D279a695DAC1a0636383EeA86C000F8,153329103685281537063,true
0xd77B7A446F8477DD22606C2017e7B2A4feE3dF2F,0,true
0xD7Db9B0f0A43d6476aC394B311474F31D8F703e5,0,false
0xd7Df465c5223e4EDAC8fdE5B3dcD97A107659a94,25321823943774757760,false
0xd7e1Bc333bAD40D9fA3416666cC07437f9486033,0,false
0xD827eb2673D3Dc1a7F886413f6f0950Ec2fbBc98,313598313942731929369,false
0xD832DC1b9f66F3ef378a9c21BBeFFAAe9469Be2D,0,false
0xD85A569F3C26f81070544451131c742283360400,13323879516515176154,false
0xD88F3e8D76704b22988017f3DEFe4aB07254E3D6,0,false
0xD8ab783d0B29d69E5632087051F55ab6ced2A1A5,1,false
0xD8E6abf84f42Cd280542A150258185BE33eacD00,1,false
0xD97DAc3d4348A99d52bC1de369Fc45E6f1f38954,10097950263744654116,false
0xd99C4D61F385327eC94beB52244166003287C1Ad,0,false
0xD9c6c434e7eC14021e49916CD3d845a87a39f89A,0,false
0xD9Ea7bFd7cE30A5e1F4Dcd7e2f85cB3E373835bF,136793545252251827709,false
0xD9ebacEE08B82aDc03599DD602CE212Df9a4fe29,70821757292736329398,false
0xDa225E8eD36a475bCc91Ddd4C536F8C78DBBA1A2,0,false
0xdA3A0c7AB5FF99Ddb0DC6cf2b2Bd2047B56Af04F,0,false
0xda44CF98e1d713C37459ba293e31898eB21022E3,1020264840410962290,false
0xdA5e243895A39a59Df4c0eBC38079e2d770F3153,0,false
0xDAb1B36BBa5D7baaD1a56aF401FDaa79a7fa8b70,0,false
0xdaB85CF8E40035Ad9BEF7EBdcE550aCE4Cc506EA,1008222912088142336,false
0xdaF8f86d2418eA51CF0169Ee8aD0B08dD6C307fB,37837735204822228239,false
0xDB2077aFe077f4Fb1809582A03C7a5C7Fb292d5B,113250150640116096852,false
0xdB27744b80fC4Dae9ffd5ea1becb617F34E6ce13,0,false
0xDB4207f20ab4E765Dbc68a0A5b45aA50dAf82f6B,0,false
0xdb527a9f967d22B9A2801f21DcDaf819fcD9509E,76339322314054913452,false
0xdB692dA1ac47a5190932A255415eb2A57AC0e3E0,1008222912088142336,false
0xDb711F2caE28fdE362Dc6eE66Abc965BC594C054,0,false
0xDb7dc398aeae2e26cD28b0A51db90548d34b78f4,0,false
0xDbaEf62786F85740B6256c9403403B0b910cAA34,0,false
0xdbB00cdD0f4F089Ee3C8b69983E3BB391E0A4D94,0,false
0xDbC594FA8CF862F51Ec76156A29Fd54cbbdc32a8,844788996120862793243,false
0xDc2d40327BDf2BD50e7777104822B44E2E496E93,0,false
0xDc3DCaC0F2c9f8D35A47FE7406F1054a03A70883,53689131614368987885,false
0xDC90062b1202CF30cf2fc6b2Cca007aF94c8F231,442751764382950372887,false
0xdcb0422918566b5525c347B716F96cf26EAFA471,0,false
0xDda54aF784A7eF61527015e603599bb6Cf3b2B41,150455559873382959906,false
0xddddDD45683A6a6CD0faFbA624b539c3b59175CE,269607170756,false
0xddE39a0150A5fb4a92cF2936d5C5428687335A15,0,false
0xdE059E289e87eb19492CB76203004cC7373A6F5d,0,false
0xdE259E19d55202998aaD3691224EB192cC309174,0,false
0xdE2DB6Ecf200A8c59DE672384Bc7187900B2b198,0,false
0xDe545722c14EA858A6BDB9Ad5B7dd83cA2F703c8,0,false
0xde7245952B0fc83f4d098712DEe174fA54DF0e2c,4788804431933195299848,false
0xdE765353A18a4B4C632efc3842069e927Df75082,145298604250714142605,false
0xde923Df474661dDF3727C913EbFEe3df0b37BEB8,0,false
0xDeE4793E662563d0706f9bb5D6F71c274eCA0028,0,false
0xDeF42c1B39B4207Ff0a33FF3609cDA3e156940d1,0,false
0xdf15ffCEDeB8595395e5Af55088c70D69A002158,0,false
0xDF632eA5Ba8283488aAe8538e17a2F802243A61A,13558762863947573259,false
0xdf7B7a89d5884d3d34c203C0AF14A9555584014C,1008222912088142336,false
0xDF96770213338cbC4A34D6bDC3722056b8CD4d1F,0,false
0xdFaD809A12325C3D990e681629b58D64600e6a4b,109807538843263166174,false
0xDFBdd1a390380CeB66809E108c012789A60cAe95,6654798477682851,false
0xdFEE40a82276D9BcFa3c346988cC1E83A664E276,0,false
0xe0677A330C449D861DE7b56D5bdA5aFce2b9Ad2d,0,false
0xe0A73dc087C0c939EEF35B8A7322Ee15332798E0,18528073191973929010,false
0xe0d4700D6234b554BFD25dB58954D0f570a1ACBa,1008222912088142336,false
0xe0E6A696cD5E0222E3A6af2b331df0bbad9Aaa67,1008178121643629133,false
0xE121a2434863b854401aAD9CE3CdF73Cb305D97f,0,false
0xe14eC8F78B446AB244E5AE7C5C6B2CA4b12B62D5,0,false
0xe1a5062a578A6e0339f4a1b2705E01825Dd3ad15,0,false
0xE1a83C678e6ca74F779De0507408ce368a026Ee9,0,false
0xe1F7b0245f34A21949b874E19D52bEc9972e1B59,0,false
0xe222e11129A5FEfDEBcc0572a10A6dEAcc35E6C0,0,false
0xe246B84671048459dcC1e8bf54B0e771A6b04EcE,0,false
0xe259EE56f5D07b346A9015dA08B8de01e31798F5,2837222319793605683487,false
0xE25e31D8914eC5Ec579c427E0F4A1118e14496E4,0,false
0xE2748F2f2b16e8B0639a629Af407B747371424F4,0,false
0xE29A3B6F7eCeD4F9C421446AB4EB1400ED9EC5A6,0,false
0xe2Bb94210B41Ce4c01B9B97f3Ac62E728E472f9C,0,false
0xE2cbB77f6Fd917Bc24585D3932B8e293933D9d20,2217450994814488226,false
0xE2DCfB3621fd1970B4289f1F8251C6d1EfB9d0AF,109353573616276689899,false
0xe2f5D180626D29E753B9b1CE6e833BE01DEB36e2,176924271115268535401,false
0xE2Fa5276fe34BD0e743D5DCCc9Bd8F5B88Dc0e07,35693757201534697379,false
0xE33faaC5695F8aF1C646d2C29fbCf3e1eB39bd8d,1797087053302511880287,false
0xE346ddbF78C6fb54202D9327a133f4df05281DC9,1008222912088142336,false
0xe34e1FD01F5D2d5533a586941F22dC8D4894a0D3,100188225402497804929,false
0xe392E67c9B82b1CFa42c0f586210ED5dC679465B,0,false
0xe3A4fA4faA7189a4f650Ab8B85a1aA56856cDFA6,0,false
0xe403043A0F9C7B9F315Cf145166EB747D9790E77,0,false
0xE42f57824760A9747595813e6e9B9f382a435286,1008222912088142336,false
0xe43192C078E391D6243e7e45828C0669162bB9e7,0,false
0xe4455FdEc181561e9Ffe909Dde46AAEaeDC55283,1094214857623561661217946,true
0xE470aa089598Be924E1C06CBd645048617AC2403,3916552163334541238,false
0xe480911A8aCEB59C96558E2F54E0812f73D25Af3,0,false
0xE495A16aC715f593301872BEe1736073B7a8a242,10195246989790166796,false
0xE51231DAA306aCF16EAc34A864564cA36B262A1f,0,false
0xE54867CA147b9B52c12Aa510A189Ad4394075973,0,false
0xe551Fc8D2CE70713F0d4874F21Da7fd69fb5E3D7,99819407995080062803,false
0xe5622cfc41CE29ecaE7Ceee28fC95b68B4FE5dF6,0,false
0xe56de4AfA17F255503347de1d29960b7a41aB832,105060479780643221411,false
0xE5a82e4Fde83EF21988c5Eab5F768FB406e1C5Fe,0,false
0xE5cc36B7096aD813dafd2767078AA01a8f44F04f,103388717877733146634,false
0xe623031eC40DAA3EF5f87b408a95c9221035291f,1,false
0xe64067D3D7fD15e6Bd46bAfCea20d5715f08e9F0,1008222912088142336,false
0xe675689469168b09CdA52B5dFd3dD63BFc50E150,10077211502760970927616,false
0xE69CBcf65ddAeAb83cE61923b1B0e1EEff45b9AA,1080494334225296809634,false
0xe6BF26938Be90401533Ff4ED3D9cccBb2E9015B1,0,false
0xE719e8237a5EBEC0f16819a62420b7C19D2fE8d9,1008222912088142336,false
0xE741f716049dE5514E8304B1C666ee2B18F7027E,1,false
0xE77A7D81764D209A8915c55aD521145F4426F506,0,false
0xE80fDb22525e331ec5303c7856E1eeeF46cc752C,200879328649374830388061,false
0xe810257d3F627e4749e8dFeD86c00Ce167EDE267,94808697033140996,false
0xE837dF2BF456685f655eFE595920ccf81Da7849b,1,false
0xe83Cc017E8E192BbBE6a8f3694eDC87e913aEbB0,3107356165405796237153,false
0xe8492185D6c7af4e481cA8782Cf13C5fdd620C08,1008222912088142336,false
0xE857b1Ed04a9Bf7Fc0745BED4189B929D87E8C4A,0,false
0xE861d66727DB7C3920D3F809D0106E19B45f99D3,1013924203820356583084,false
0xE87a10d5B212D169CCBC9a50Cf5E23DD3da27cb6,1,false
0xE8A2eC6757A9114039D832e44Cb83B3cf2194615,0,false
0xe8B60b147990023367408d904d2b081b4304f1e0,0,false
0xE8D7C8E69d03D825bD806c5320670C8C43b1E0bC,0,false
0xe8e7d0e2F83A8FBc9A55B8b49BB54c27eeA38ff0,215136314683106982,false
0xE900AaE6Cf807DE363b09a2553C5dc3eD6EF9d50,31976044577796206635839,false
0xe90b72e59eBC3C639Dce048FbDD4f6aF14e4D8f2,0,false
0xe915BcC9bD87d92D442bdE0d2390bff23485dDe4,0,false
0xE92c0856CF3e27873137B17716F3b47e02E712F2,11358417036515995468,false
0xe92d200Ea844DE64b757897B7472d63725ecCA1A,0,false
0xe96f8686dB7848BBa74A8ABE230FB16d6662d921,1008178121643629133,false
0xe988Eb0FB728b723988A4E75B1b9989A7a589C15,36005494153198905557328,false
0xe9D390a9F319b9fc2d9C750bDc721919Cee6E777,4363346424837220824,false
0xe9f5aac38bbe3d5dF2C35C4A06A2001AC78039E7,0,false
0xeA2f3a1A218eC6F67530485ea1e18A3728E1c155,39083316770670846146,false
0xeA4007a31D9a81C52C5A5106DFCa203000E4E885,0,false
0xEa5Aa17751248DDF6251589cb8917367dD95003A,10854903232869166167826,false
0xEac446a86091dac36348dF5FEc35a09D0bD8E7D7,0,false
0xeae57ce9cc1984F202e15e038B964bb8bdF7229a,511753605011506667,true
0xEB14EA0F0b9FA9Db03c2893C3D9C739bb41caAFc,3237253797855949220471,false
0xEB46faa47A6A52519839A2e52c7b28a2Db17651e,0,true
0xeB9409aF612A51e2204f588C24FDb58bbF853E41,0,false
0xeb9Dc47E1822302803Cc7a583A6Fb4A162f31aC1,0,false
0xEba14830c732AE1A1F9950Fe74deD0aDD270287c,5051713091597428954,false
0xEbDb626C95a25f4e304336b1adcAd0521a1Bdca1,0,false
0xec044C1E7D2f6Bd66e99af9221104c822Fe416C0,124954043021994303088,false
0xeC2325aFA5F623dd087dA580C2A0950e9Da81679,0,false
0xec27a00fC181D4D5eda51eFBc4A64048F88ffcBd,42009358852413328150,false
0xECa3C88Ef0c24A8Ee89B6Fa645156dc5D748Fe82,0,false
0xEcd32018C1bEEfdA73Ba604CCE93479e87745da4,1008222912088142336,false
0xEcFD360c5DB2917E5a95e81Ec141eB7db2a67eB9,67966776764611143122,false
0xed1e55414203F2039aAa56C07f2f0b0f105844e4,0,false
0xeD41c7891E1d8dAf9b847bec46f7792CeCA04319,1008222912088142336,false
0xeD65A36d5EbD6e89a61db3B0ae7BE590b93fC560,326386409140795994070,false
0xeD7d1cE0E2A3ea076f336E39ACe5A268Eb61547C,46147183268585647425,false
0xEDdAF8E0340D04349b7001c64b6236911F74eDa4,0,false
0xEdEFbbEd1763716Dc1096Be98BaA7BaA53B6DE46,0,false
0xEe22De58Fd616533d3EF4290D8D4b2c8D504a47E,0,false
0xEE4a267E98260aCf829Ca9dC6c9f3d5d82183Bce,5102732460211491033496,false
0xee959d060e295E0b0cD1983FF9B1c7b1cfA59272,0,false
0xeEb6914C57431abdDbBA04Ec2571Ffb95f86387d,0,false
0xeec5dCd9C13F5A8324E95C38FA3a09d2Cb9aEf47,0,false
0xEf8c31C5221a6f374b5be61462644c845ef8a397,0,false
0xEF90986F38279AD8653b866691cA53f6C0528aA3,0,false
0xEF99c035Cd72f0fa6A8bc5664117EbA0EaB1ef40,1008222912088142336,false
0xEfcC0E753725A0fA7C6746a6bF6dB319Fa086Ed8,1025431263179380241,false
0xeFdE32Cf50E97cAE1F3221406104c140b890E072,94801604365841305,false
0xeFFB00AeBb21C393A9bd4c9e8E83BfC04dA4ebec,19178656663637761853,false
0xF05c74f2842CF37472A9c9C809BD76579b4e193d,0,false
0xF064Ba243Ca11A0Cfa8530800044B1D193d8b563,1,true
0xF0839f77D88a93e74B5Aca6946b89F110De750cF,0,false
0xF09c48A349cc07359a66e9311F664376079DEd49,0,false
0xf1128B06fAaFba7b9F7bC3A2a549196936b73699,1223722943003585466667,false
0xf12CAB7Acaa14Eed3bEa82199ea2f5c2C2194B81,0,true
0xf150bcd00da52eDCB790CF1cC730DB56193e2E3e,10195246989790166796,false
0xF169913283E7FBF3D798771BfAaCA021244CaD26,1,false
0xf1ec787bAF33c96251E7cfA4f13Af449d9B489E0,5353923912692443686,false
0xf21eB65114A5A82D0141E5352cbA297896d52011,1,false
0xf256d4f75CA6aA0e0885de5b036822b4fE89b566,0,false
0xf282F97D913404512919914E48bb0c5E35cF0483,0,false
0xF2BfE349b3f8f05C03f716e9a75F09ebF1032Ab4,1008222912088142336,false
0xf2D25fCb1d60213C5EEa0Da47D7c2801Bf5C23fd,25122004451116752956716,false
0xF34Ff7E34Cb33e21e9f7658ce1d8ADbea30cB915,1008222912088142336,false
0xf35147A9a2B5EeB9AA64fcd0B911f977eD00A83c,100144397629423168373,false
0xf38a6E93743A12286d119301c5af7292BEe16cd6,0,false
0xF3dF6ac5C2e75D6c697a6Dc8596FCD67Ab6E4e5d,0,false
0xf3ee4bbfaA69fe5081B88FEc67C4bcC6574559d8,1008222912088142336,false
0xF40850dC4884f711F93dAEe86525Fc991f484A6a,1008178121643629133,false
0xF41E1e7FE4958d34f8742aC1Af07eC2201ec3e10,0,false
0xf47B25C9Aa978f080995FDcD0d1B04CE274747bA,10261239460212150233,false
0xF4b82cc1366296db241cD914F3A941A1ff2f1b13,66856806510066689256,false
0xf4cB1f0087730E9b6A62f2C0ea415A1Ef2A6400E,400726060991299117046,false
0xF522f08B8d6b6d2b1B975C0121Bdb4D9204B217D,9952346666130908763,false
0xF54140f52e0133bFA750497fc88b8fFD15E1a7eF,0,false
0xF56a19C84ACa935Df574996A97D30963b07E1978,399306885365898849376,false
0xF57181E87afec93f224F1833107eEa6D105cA9eb,473726047217647340,false
0xf5A80563Ed5cdf6EbCc32DE04816f9b04C3Bf3f3,75571247611180680617,false
0xf5C263D71cF86f5CE08299Bca6E41552968320ED,0,false
0xf5f165910e11496C2d1B3D46319a5A07f09Bf2D9,140600167992860565316,false
0xf611DAeC05d5763a2D2749099F94e3F2496428B8,1008222912088142336,false
0xf64EDDf5f1EeAe22e616Dd0d8c5830A2c44e45B8,0,false
0xf67566c901D08CF3d8635f7b386a08B9C544a409,0,false
0xf6789DF3c5A090120faEC04cF8E89DA7508f420e,100490141131617650440543,false
0xF6853c77a2452576EaE5af424975a101FfC47308,1644110979335643453,false
0xF6b270D22d2576FA995Bae21D53798C53d683Fba,0,false
0xF6fa1c661aF01C03157B89d9Ec0Ad99F4D28BeA2,0,false
0xF71Bd481cb742307b4c2798BA71dc3Cf789D3AFC,0,false
0xF71D161FdC3895F21612D79f15Aa819b7A3d296a,50090202158483144975550,false
0xF72CD97a579fB4B06588812ad3bF3F9C739F02A3,0,false
0xf74196604f19108Dd721abAa16a9cD90f0A5d5bf,1008178121643629133,false
0xf744788c3f9b70308A40A4A20a3E7dfee508f8b9,0,false
0xF76d38Da26c0c0a4ce8344370D7Ae4c34B031dea,0,false
0xF7729926dD48841462d2896376224B2389678d9f,0,false
0xf7932941b3F98B4D55E0dB9dea546F7747a262Fc,2122255022374705760821,false
0xF794Ca64a6a0B9953490933E5939f777Da524BaE,10018822540249780492,false
0xF83020D13694f968c5D64D8Dab9cA189A682b883,0,false
0xF83EA853e5FFb718f36A2202051dE850E2f9873b,306467634907724371572,false
0xf881C50e8e41999F1577167BA125552f3FB07e47,833447983284631954813,false
0xf8a099545c0f2c3D3E547C048c2F5589e53B54d5,1,false
0xF8e2EAd493AA69F5d178ad8b45919A29DBBfD3AE,0,false
0xF8e756B40344011abAa0c75b2f732EA60De00e48,0,false
0xF8f362024A78A133c03eCfB4d183Cb0C5147Ab97,0,false
0xf9303877F107F5cd2cB0654b6d7A6D749FA03856,8043886388418379227765,false
0xF962e535a5BD0d91Ab666b3A9A7F387aF012344d,5063827664029049368,false
0xf9ad073f43Ee4a19a3907d2eC96DC6Dc1bd02fF9,0,false
0xf9E86093a15f43f5F4ba9dfc2D7731D43451b920,0,false
0xF9F048c4c86Cb89E5c39Ad94355EcD7aEe56C606,0,false
0xFa5Ec0f794D1A7b96b3eA6d8F8bD6474573dB0E6,1,false
0xFA823049D8548e0a09345F47A07f7f93341fF974,1008222912088142336,false
0xfa82C9f496Aa3a07A48e92481a0B237cA7514b17,108191572629004045103,false
0xfafE8B87D18d53e71aEcfF0467a0D67100C52D13,100770098349666115388,false
0xFb205DF4b97559f49DfdD3201235837f8F392cf0,0,false
0xfb63F23B20b2b8960B7585Fd7Ce4f07a8D0104Cd,0,false
0xFB8b8bE489eB3799702f4A9CB27a1c4D81613607,1008222912088142336,false
0xfb98D40743FBB7101a98256126e10dA0c326F83c,98987529597586952296,false
0xfC15E7Ef48a4224A85798551cC7b39dfbC93ad1e,0,false
0xfC2e6553968623874AfE7CfC79568904Fe1EAE58,0,false
0xfC8593055786f156aF2586Bf9EEbD5f9D28D4d30,0,false
0xfCA779a63EFf5fB8E444E2A7e06a3de2e8d51238,0,false
0xFcfEEEA64FE89e83D6ed95572FC6f1C7466eaA72,0,false
0xfd0e0107F279a335F1bC63E33362B6979491f76a,0,false
0xFd46b8aA0c71ba34fbc5A827cb534e79D67D672E,2901018495594747585636,false
0xfd4b56E383C48902295038bbf9720185e640E3c8,0,false
0xfD4e7749ef6310980831EE271CCA0Ee5c4302c98,50089943807711779443,false
0xFD9E6005187F448957a0972a7d0C0A6dA2911236,76055451032179688282,false
0xfDb8251128C740eF22d5c9ce9A7Bb37F0E2dE50B,0,false
0xFdbBfB0Fe2986672af97Eca0e797D76A0bbF35c9,48213179094125131067875,false
0xfe08b6b15339019c633599C6e81879ED26e73579,0,false
0xfE5f8E2A71e45996f0e3d16104Ae861F01C81cB6,1008222912088142336,false
0xFec7CE89DC3dc1d708Ba82217f00332e28d69D4C,387756695293449647650,true
0xfEC7f6a021129F9786224Ba9dC25C9D420A0e68b,101751800901055037614,false
0xFEE9B120F93ABd4Ed64CbeCe1e1542B197Ec2a2c,0,false
0xFF16d64179A02D6a56a1183A28f1D6293646E2dd,0,false
0xfF2BA846ab52EDBd724A5ef674AbF5A763849B61,383787375557555905,false
0xFf6Df9431428110975268Ac5b732E23401Dd0D6B,1124162481331878895026,false
0xFFF1d706DC36bC56C759b9139f5d4578Dd163c01,6280944666172513663766,false
